Name,Company,Price,Star_Rating,Number_of_Ratings,Number_of_Reviews,Processor,RAM,Operating_System,Storage,Warranty
"ASUS Vivobook 15 (2025) with Office 2024 + M365 Basic*, Intel Core i3 13th Gen 1315U - (8 GB/512 GB SS...",ASUS,34990.0,4.3,2667.0,160.0,Intel Core i3 Processor (13th Gen),8 GB DDR4 RAM,Windows 11 Home,512.0,1.0
ASUS Vivobook Go 15 AMD Ryzen 3 Quad Core 7320U - (8 GB/512 GB SSD/Windows 11 Home) E1504FA-NJ130WS | ...,ASUS,30990.0,4.3,1399.0,94.0,AMD Ryzen 3 Quad Core Processor,8 GB LPDDR5 RAM,Windows 11 Home,512.0,1.0
Acer Aspire 3 Intel Celeron Dual Core - (8 GB/512 GB SSD/Windows 11 Home) A311-45 Thin and Light Lapto...,Acer,19990.0,3.8,6653.0,591.0,Intel Celeron Dual Core Processor,8 GB DDR4 RAM,64 bit Windows 11 Home,512.0,1.0
MOTOROLA Motobook 60 Full Metal OLED (i7 14th Gen) Intel Core 7 (Series 2) 240H - (16 GB/1 TB SSD/Wind...,MOTOROLA,57990.0,4.4,570.0,69.0,Intel Core 7 (Series 2) Processor,16 GB DDR5 RAM,64 bit Windows 11,1.0,1.0
ZEBRONICS Pro Series Z Intel Core i7 12th Gen 1255U - (16 GB/1 TB SSD/Windows 11 Home) ZEB-NBC 5S Thin...,ZEBRONICS,57599.0,4.0,242.0,26.0,Intel Core i7 Processor (12th Gen),16 GB DDR4 RAM,Windows 11,1.0,1.0
HP 15 Intel Core 3 100U - (8 GB/512 GB SSD/Windows 11 Home) 15-fd1253TU/ 15-fd1225TU Thin and Light La...,HP,36990.0,4.2,962.0,56.0,Intel Core 3 Processor,8 GB DDR4 RAM,Windows 11 Home,512.0,1.0
Lenovo IdeaPad 5 2-in-1 WUXGA IPS AMD Ryzen 5 Hexa Core 8645HS - (16 GB/512 GB SSD/Windows 11 Home) 14...,Lenovo,72490.0,4.1,7.0,0.0,AMD Ryzen 5 Hexa Core Processor,16 GB LPDDR5X RAM,Windows 11,512.0,1.0
Lenovo LOQ 2025 Intel Core i7 14th Gen 14700HX - (16 GB/1 TB SSD/Windows 11 Home/8 GB Graphics/NVIDIA ...,Lenovo,134990.0,4.3,24.0,2.0,Intel Core i7 Processor (14th Gen),16 GB DDR5 RAM,Windows 11 Home,1.0,1.0
Apple MacBook Air M3 - (16 GB/1 TB SSD/macOS Sonoma) MXCR3HN/A,Apple,163399.0,4.2,281.5,24.0,Apple M3 Processor,16 GB Unified Memory RAM,Mac OS,1.0,1.0
Acer Aspire 3 Intel Celeron Dual Core - (8 GB/128 GB SSD/Windows 11 Home) A311-45 Thin and Light Lapto...,Acer,15990.0,3.8,6653.0,591.0,Intel Celeron Dual Core Processor,8 GB DDR4 RAM,64 bit Windows 11 Home,128.0,1.0
DELL Inspiron 15 MSO'24 with Backlit KB Intel Core i7 13th Gen 1355U - (16 GB/512 GB SSD/Windows 11 Ho...,DELL,66990.0,4.2,52.0,1.0,Intel Core i7 Processor (13th Gen),16 GB DDR4 RAM,Windows 11,512.0,1.0
MOTOROLA Motobook 60 Full Metal OLED (i5 14th Gen) Intel Core 5 (Series 2) 210H - (16 GB/512 GB SSD/Wi...,MOTOROLA,54990.0,4.4,1773.0,194.0,Intel Core 5 (Series 2) Processor,16 GB DDR5 RAM,64 bit Windows 11,512.0,1.0
Acer Aspire 3 Intel Celeron Dual Core N4500 - (8 GB/256 GB SSD/Windows 11 Home) A325-45 Thin and Light...,Acer,21490.0,3.9,1791.0,164.0,Intel Celeron Dual Core Processor,8 GB LPDDR4X RAM,Windows 11,256.0,1.0
Lenovo Chromebook MediaTek Kompanio 520 - (4 GB/128 GB EMMC Storage/Chrome OS) 14M868 Chromebook,Lenovo,12990.0,3.9,3125.0,268.0,MediaTek Kompanio 520 Processor,4 GB LPDDR4X RAM,Chrome,512.0,1.0
Lenovo 100e Chromebook Gen 4 MediaTek Kompanio 520 - (4 GB/32 GB EMMC Storage/Chrome OS) 82W00004HA Ch...,Lenovo,12789.0,4.0,1686.0,128.0,MediaTek Kompanio 520 Processor,4 GB LPDDR4X RAM,Chrome,512.0,1.0
"Acer Aspire 14 with Backlit Keyboard, Intel Core i5 13th Gen 13500H - (16 GB/512 GB SSD/Windows 11 Hom...",Acer,46990.0,4.3,5945.0,512.0,Intel Core i5 Processor (13th Gen),16 GB LPDDR5 RAM,64 bit Windows 11 Home,512.0,1.0
"ASUS Vivobook 15 (2025) (i5 14th Gen) with MSO 2024 + M365 Basic*, Backlit Keyboard, Intel Core 5 120U...",ASUS,49990.0,4.3,1033.0,78.0,Intel Core 5 Processor,16 GB DDR4 RAM,Windows 11 Home,512.0,1.0
Lenovo IdeaPad Slim 1 AMD Ryzen 5 Hexa Core 5500U - (8 GB/512 GB SSD/Windows 11 Home) 15ACL6 | 15ALC7 ...,Lenovo,33990.0,4.2,6859.0,562.0,AMD Ryzen 5 Hexa Core Processor,8 GB DDR4 RAM,64 bit Windows 11,512.0,1.0
Acer Aspire 3 Intel Core i3 12th Gen 1215U - (8 GB/256 GB SSD/Windows 11 Home) A324-51 Thin and Light ...,Acer,28990.0,4.2,5314.0,392.0,Intel Core i3 Processor (12th Gen),8 GB DDR4 RAM,64 bit Windows 11,256.0,1.0
ASUS Chromebook CX1 Intel Celeron Dual Core N4500 - (8 GB/64 GB EMMC Storage/Chrome OS) CX1500CKA-NJ04...,ASUS,14999.0,4.2,14.0,0.0,Intel Celeron Dual Core Processor,8 GB LPDDR4X RAM,Chrome,512.0,1.0
Lenovo IdeaPad Slim 3 Intel Core i5 12th Gen 12450H - (16 GB/512 GB SSD/Windows 11 Home) 83ER00KSIN Th...,Lenovo,45490.0,4.2,475.0,27.0,Intel Core i5 Processor (12th Gen),16 GB DDR4 RAM,Windows 11 Home,512.0,1.0
"ASUS Vivobook 15, with Backlit Keyboard, Intel Core i7 13th Gen 13620H - (16 GB/512 GB SSD/Windows 11 ...",ASUS,62990.0,4.3,500.0,32.0,Intel Core i7 Processor (13th Gen),16 GB DDR4 RAM,Windows 11 Home,512.0,1.0
Acer Aspire 3 Intel Core i3 12th Gen 1215U - (8 GB/512 GB SSD/Windows 11 Home) A324-51 Thin and Light ...,Acer,28990.0,4.2,5314.0,392.0,Intel Core i3 Processor (12th Gen),8 GB DDR4 RAM,64 bit Windows 11,512.0,1.0
Acer Aspire 15 AMD Ryzen 5 Hexa Core 7430U - (16 GB/512 GB SSD/Windows 11 Home) Aspire AS15-42 Thin an...,Acer,34990.0,4.1,2920.0,306.0,AMD Ryzen 5 Hexa Core Processor,16 GB DDR4 RAM,Windows 11,512.0,1.0
Acer Aspire 3 Intel Celeron Dual Core - (8 GB/256 GB SSD/Windows 11 Home) A311-45 Thin and Light Lapto...,Acer,17990.0,3.8,6653.0,591.0,Intel Celeron Dual Core Processor,8 GB DDR4 RAM,64 bit Windows 11 Home,256.0,1.0
Acer Aspire Lite AMD Ryzen 3 Quad Core 5300U - (16 GB/512 GB SSD/Windows 11 Home) AL15-41 Thin and Lig...,Acer,29990.0,4.0,101.0,14.0,AMD Ryzen 3 Quad Core Processor,16 GB DDR4 RAM,Windows 11,512.0,1.0
Lenovo 100e Chromebook Gen 4 MediaTek MediaTek Kompanio 528 - (4 GB/64 GB EMMC Storage/Chrome OS) 82W0...,Lenovo,10999.0,3.8,952.0,80.0,MediaTek MediaTek Kompanio 528 Processor,4 GB LPDDR4X RAM,Chrome,512.0,1.0
Acer Aspire 3 Backlit AMD Ryzen 7 Octa Core 7730U - (16 GB/512 GB SSD/Windows 11 Home) Aspire AS15 - 4...,Acer,38990.0,4.1,1468.0,109.0,AMD Ryzen 7 Octa Core Processor,16 GB DDR4 RAM,Windows 11,512.0,1.0
Acer Chromebook Intel Celeron Dual Core N4500 - (8 GB/128 GB EMMC Storage/Chrome OS) CB314-3H-C5QE/ CB...,Acer,23990.0,3.8,2517.0,176.0,Intel Celeron Dual Core Processor,8 GB LPDDR4X RAM,Chrome,512.0,1.0
ASUS Expertbook P1 Intel Core i3 13th Gen 1315U - (16 GB/512 GB SSD/Windows 11 Home) P1503CVA-S71074WS...,ASUS,38990.0,4.3,3509.0,301.0,Intel Core i3 Processor (13th Gen),16 GB DDR5 RAM,Windows 11 Home,512.0,1.0
Acer Aspire 3 AMD Ryzen 3 Quad Core 7330U - (8 GB/512 GB SSD/Windows 11 Home) A325-42 Thin and Light L...,Acer,28499.0,4.1,728.0,91.0,AMD Ryzen 3 Quad Core Processor,8 GB DDR4 RAM,Windows 11,512.0,1.0
Acer Aspire 3 Intel Core i3 13th Gen 1305U - (16 GB/512 GB SSD/Windows 11 Home) A324-53 Thin and Light...,Acer,32990.0,4.3,3060.0,231.0,Intel Core i3 Processor (13th Gen),16 GB DDR4 RAM,Windows 11,512.0,1.0
Primebook 2 Max (2025) in-Built AI MediaTek Helio G99 (MT8781) - (8 GB/256 GB/Android 15) PBG9915256#4...,Primebook,22990.0,4.4,112.0,35.0,MediaTek Helio G99 (MT8781) Processor,8 GB LPDDR4X RAM,64 bit Android,512.0,1.0
Acer Aspire 3 Intel Celeron Dual Core N4500 - (8 GB/512 GB SSD/Windows 11 Home) A325-45 Thin and Light...,Acer,24438.0,3.9,251.0,28.0,Intel Celeron Dual Core Processor,8 GB LPDDR4X RAM,Windows 11,512.0,1.0
Acer Nitro V AMD Ryzen 5 Hexa Core 6600H - (16 GB/512 GB SSD/Windows 11 Home/6 GB Graphics/NVIDIA GeFo...,Acer,59990.0,4.4,683.0,55.0,AMD Ryzen 5 Hexa Core Processor,16 GB DDR5 RAM,64 bit Windows 11,512.0,1.0
ASUS Expertbook P1 High-performance processor Intel Core i5 13th Gen 13420H - (16 GB/512 GB SSD/Window...,ASUS,51990.0,4.3,3403.0,270.0,Intel Core i5 Processor (13th Gen),16 GB DDR5 RAM,Windows 11 Home,512.0,1.0
"ASUS Vivobook 15 (2025) with Office 2024 + M365 Basic*, Backlit Keyboard, Intel Core i3 13th Gen 1315U...",ASUS,37990.0,4.3,2667.0,160.0,Intel Core i3 Processor (13th Gen),16 GB DDR4 RAM,Windows 11 Home,512.0,1.0
Lenovo Chromebook MediaTek Kompanio 520 - (8 GB/128 GB EMMC Storage/Chrome OS) 14M868 Thin and Light L...,Lenovo,17999.0,3.9,3125.0,268.0,MediaTek Kompanio 520 Processor,8 GB LPDDR4X RAM,Chrome,512.0,1.0
Acer Aspire Lite AMD Ryzen 5 Hexa Core 5625U - (16 GB/1 TB SSD/Windows 11 Home) AL15-41 Thin and Light...,Acer,36990.0,4.1,2468.0,190.0,AMD Ryzen 5 Hexa Core Processor,16 GB DDR4 RAM,Windows 11,1.0,1.0
ASUS Expertbook P1 Intel Core i3 13th Gen 1315U - (16 GB/512 GB SSD/Windows 11 Home) P1403CVA-S60938WS...,ASUS,38990.0,4.3,3509.0,301.0,Intel Core i3 Processor (13th Gen),16 GB DDR5 RAM,Windows 11 Home,512.0,1.0
Samsung Galaxy Book4 Metal Intel Core i3 13th Gen 1315U - (8 GB/512 GB SSD/Windows 11 Home) NP750XGJ-L...,Samsung,38990.0,4.4,8480.0,830.0,Intel Core i3 Processor (13th Gen),8 GB LPDDR4X RAM,Windows 11,512.0,1.0
ASUS Expertbook P1 High-performance processor Intel Core i5 13th Gen 13420H - (32 GB/512 GB SSD/Window...,ASUS,58990.0,4.3,3403.0,270.0,Intel Core i5 Processor (13th Gen),32 GB DDR5 RAM,Windows 11 Home,512.0,1.0
Primebook 2 Pro (2025) in-Built AI MediaTek Helio G99 (MT8781) - (8 GB/128 GB/Android 15) PBG9914128#4...,Primebook,18990.0,4.3,104.0,33.0,MediaTek Helio G99 (MT8781) Processor,8 GB LPDDR4X RAM,64 bit Android,512.0,1.0
Acer 3 Years Warranty Aspire 3 (2025) Intel Core i3 13th Gen 1305U - (16 GB/512 GB SSD/Windows 11 Home...,Acer,36990.0,4.1,42.0,10.0,Intel Core i3 Processor (13th Gen),16 GB DDR4 RAM,"Microsoft Office 2021, Windows 11 Home",512.0,3.0
Apple MacBook AIR M2 - (16 GB/256 GB SSD/macOS Sequoia) MC7W4HN/A,Apple,67599.0,4.6,9828.0,632.0,Apple M2 Processor,16 GB Unified Memory RAM,Mac OS,256.0,1.0
Acer Chromebook Intel Celeron Dual Core N4500 - (8 GB/64 GB EMMC Storage/Chrome OS) CB314-3H-C5QE/ CB3...,Acer,17990.0,3.7,636.0,47.0,Intel Celeron Dual Core Processor,8 GB LPDDR4X RAM,Chrome,512.0,1.0
ASUS Vivobook Go 15 AMD Ryzen 3 Quad Core 7320U - (8 GB/512 GB SSD/Windows 11 Home) E1504FA-NJ131WS | ...,ASUS,32990.0,4.3,1399.0,94.0,AMD Ryzen 3 Quad Core Processor,8 GB LPDDR5 RAM,Windows 11 Home,512.0,1.0
ASUS Vivobook Go 15 Intel Celeron Dual Core N4500 - (8 GB/512 GB SSD/Windows 11 Home) E510KA-EJ9011WS ...,ASUS,25990.0,4.0,1421.0,128.0,Intel Celeron Dual Core Processor,8 GB DDR4 RAM,Windows 11 Home,512.0,1.0
Infinix B15 Series AMD Ryzen 5 Hexa Core 5500U - (8 GB/512 GB SSD/Windows 11 Home) BL51A5 Thin and Lig...,Infinix,30990.0,4.1,65.0,10.0,AMD Ryzen 5 Hexa Core Processor,8 GB DDR4 RAM,Windows 11,512.0,1.0
HP 15 (2025) AMD Ryzen 3 Quad Core 7320U - (8 GB/512 GB SSD/Windows 11 Pro) 15 Thin and Light Laptop,HP,29490.0,4.2,25.0,1.0,AMD Ryzen 3 Quad Core Processor,8 GB DDR4 RAM,"Microsoft Office 2021, Windows 11 Pro",512.0,1.0
Acer Aspire 14 Intel Core i7 13th Gen 13620H - (16 GB/512 GB SSD/Windows 11 Home) AS14H-53 Thin and Li...,Acer,54990.0,4.4,42.0,8.0,Intel Core i7 Processor (13th Gen),16 GB LPDDR5 RAM,64 bit Windows 11 Home,512.0,1.0
Ultimus APEX Intel Celeron Dual Core 4mm Thin Bezel 180 Degree Hinge - (8 GB/512 GB SSD/Windows 11 Hom...,Ultimus,18490.0,3.6,71.0,11.0,Intel Celeron Dual Core Processor,8 GB LPDDR4 RAM,Pre loaded windows APP,512.0,1.0
HP 15 (2024) AMD Ryzen 3 Quad Core 7320U - (8 GB/512 GB SSD/Windows 11 Home) 15-fc0500AU / 15-fc0154AU...,HP,30990.0,4.2,3241.0,236.0,AMD Ryzen 3 Quad Core Processor,8 GB DDR4 RAM,Windows 11,512.0,1.0
Apple MacBook AIR M2 - (16 GB/256 GB SSD/macOS Sequoia) MC7X4HN/A,Apple,67599.0,4.6,9828.0,632.0,Apple M2 Processor,16 GB Unified Memory RAM,Mac OS,256.0,1.0
HP 15R (2025) Intel Core i3 13th Gen 1315U - (8 GB/512 GB SSD/Windows 11 Pro) 15R G9 Thin and Light La...,HP,34450.0,4.2,194.0,14.0,Intel Core i3 Processor (13th Gen),8 GB DDR4 RAM,"Microsoft Office Pro Plus 2021, Windows 11 Pro",512.0,1.0
HP Laptop Intel Core i3 13th Gen 1315U - (8 GB/512 GB SSD/Windows 11 Home) 15-fd0129TU / 15-fd0568TU T...,HP,35790.0,4.1,2016.0,123.0,Intel Core i3 Processor (13th Gen),8 GB DDR4 RAM,Windows 11 Home,512.0,1.0
DELL 15 Intel Core i3 13th Gen 1305U - (16 GB/512 GB SSD/Windows 11 Home) OVN353025001RING1O Thin and ...,DELL,37990.0,4.2,389.0,30.0,Intel Core i3 Processor (13th Gen),16 GB DDR4 RAM,Windows 11 Home,512.0,1.0
"ASUS Vivobook 14 (2025) with Office 2024 + M365 Basic*, Backlit Keyboard, Intel Core i3 13th Gen 1315U...",ASUS,39990.0,4.3,2667.0,160.0,Intel Core i3 Processor (13th Gen),8 GB DDR4 RAM,Windows 11 Home,512.0,1.0
Acer Aspire Lite AMD Ryzen 3 Quad Core 5300U - (16 GB/512 GB SSD/Windows 11 Home) AL15-41 Thin and Lig...,Acer,30990.0,4.1,1196.0,93.0,AMD Ryzen 3 Quad Core Processor,16 GB DDR4 RAM,Windows 11,512.0,1.0
Acer Aspire AMD Ryzen 5 Hexa Core 7430U - (16 GB/1 TB SSD/Windows 11 Home) AS15-42 Thin and Light Lapt...,Acer,39990.0,4.1,2920.0,306.0,AMD Ryzen 5 Hexa Core Processor,16 GB DDR4 RAM,64 bit Windows 11 Home,1.0,1.0
"ASUS Vivobook S14 Flip (2025) with Office 2024 + M365 Basic*, Metallic Design, Intel Core i5 13th Gen ...",ASUS,63990.0,4.4,655.0,48.0,Intel Core i5 Processor (13th Gen),16 GB DDR4 RAM,Windows 11 Home,512.0,1.0
Acer Aspire 3 Intel Core i5 13th Gen 1334U - (16 GB/512 GB SSD/Windows 11 Home) A324-53 Thin and Light...,Acer,40990.0,4.3,1148.0,74.0,Intel Core i5 Processor (13th Gen),16 GB DDR4 RAM,Windows 11,512.0,1.0
HP Intel Celeron Dual Core N4500 - (8 GB/512 GB SSD/Windows 11 Home) 14s-dq3149TU / 14s-dq3141TU Thin ...,HP,31933.0,3.7,412.0,16.0,Intel Celeron Dual Core Processor,8 GB DDR4 RAM,Windows 11 Home,512.0,1.0
ASUS Expertbook P3 Metal High-performance processor Intel Core i5 13th Gen 13420H - (16 GB/512 GB SSD/...,ASUS,59990.0,4.3,254.0,20.0,Intel Core i5 Processor (13th Gen),16 GB DDR5 RAM,Windows 11 Home,512.0,1.0
Lenovo Ideapad Intel Core i5 12th Gen 12450H - (16 GB/512 GB SSD/Windows 11 Home/4 GB Graphics) 15IAH8...,Lenovo,49990.0,4.2,126.0,9.0,Intel Core i5 Processor (12th Gen),16 GB LPDDR5 RAM,Windows 11,512.0,1.0
Acer Aspire 7 Intel Core i5 13th Gen 13420H - (16 GB/512 GB SSD/Windows 11 Home/6 GB Graphics/NVIDIA G...,Acer,62990.0,4.3,2828.0,212.0,Intel Core i5 Processor (13th Gen),16 GB DDR4 RAM,Windows 11,512.0,1.0
Lenovo IdeaPad Slim 1 AMD Ryzen 5 Quad Core 7520U - (8 GB/512 GB SSD/Windows 11 Home) 15AMN7 Thin and ...,Lenovo,36999.0,4.1,285.0,19.0,AMD Ryzen 5 Quad Core Processor,8 GB LPDDR5 RAM,Windows 11,512.0,1.0
Samsung Galaxy Book4 Metal Intel Core i5 13th Gen 1335U - (8 GB/512 GB SSD/Windows 11 Home) NP750XGJ-K...,Samsung,50990.0,4.4,14428.0,1158.0,Intel Core i5 Processor (13th Gen),8 GB LPDDR4X RAM,Windows 11,512.0,1.0
Acer Aspire 3 Intel Core i3 13th Gen 1305U - (8 GB/512 GB SSD/Windows 11 Home) A324-53 Thin and Light ...,Acer,30990.0,4.3,3060.0,231.0,Intel Core i3 Processor (13th Gen),8 GB DDR4 RAM,Windows 11,512.0,1.0
ASUS Chromebook CX14 Intel Celeron Dual Core N4500 - (4 GB/64 GB EMMC Storage/Chrome OS) CX1405CKA-NK0...,ASUS,13999.0,3.8,163.0,10.0,Intel Celeron Dual Core Processor,4 GB LPDDR4X RAM,Chrome,512.0,1.0
DELL Inspiron 5440 Intel Core i3 (14th Gen) Intel Core 3 100U - (16 GB/512 GB SSD/Windows 11 Home) 544...,DELL,36990.0,4.2,281.5,24.0,Intel Core i3 Processor,16 GB DDR5 RAM,Windows 11 Home Microsoft Office 2021,512.0,1.0
MSI Intel Core i3 12th Gen 1215U - (16 GB/512 GB SSD/Windows 11 Home) Modern 14 C12MO-1402IN Business ...,MSI,31500.0,4.2,84.0,10.0,Intel Core i3 Processor (12th Gen),16 GB DDR4 RAM,Windows 11,512.0,1.0
"Acer Swift Neo with Backlit Keyboard, Intel Core Ultra 7 155U - (16 GB/1 TB SSD/Windows 11 Home) SFN14...",Acer,73990.0,4.0,165.0,16.0,Intel Core Ultra 7 Processor,16 GB LPDDR5 RAM,64 bit Windows 11 Home,1.0,1.0
HP 15 (2025) AMD Ryzen 3 Quad Core 7320U - (16 GB/512 GB SSD/Windows 11 Home) 15 Thin and Light Laptop,HP,34291.0,3.9,95.0,5.0,AMD Ryzen 3 Quad Core Processor,16 GB LPDDR5 RAM,"Microsoft Office 2021, Windows 11 Home",512.0,1.0
Acer Aspire 15 AMD Ryzen 5 Hexa Core 7430U - (8 GB/512 GB SSD/Windows 11 Home) A325-42 Thin and Light ...,Acer,35290.0,4.1,2920.0,306.0,AMD Ryzen 5 Hexa Core Processor,8 GB DDR4 RAM,Windows 11,512.0,1.0
MOTOROLA Motobook 60 Pro Full Metal OLED AI PC Intel Core Ultra 7 255 H - (32 GB/1 TB SSD/Windows 11 H...,MOTOROLA,82990.0,4.7,49.0,5.0,Intel Core Ultra 7 Processor,32 GB DDR5 RAM,64 bit Windows 11,1.0,1.0
HP Intel Core i7 13th Gen 13620H - (16 GB/512 GB SSD/Windows 11 Home) 15-fr0046TU Thin and Light Lapto...,HP,65990.0,4.3,605.0,35.0,Intel Core i7 Processor (13th Gen),16 GB DDR4 RAM,Windows 11 Home,512.0,1.0
Acer Swift Neo OLED AI PC Intel Core Ultra 5 115U - (16 GB/512 GB SSD/Windows 11 Home) SFN14-54H Thin ...,Acer,54990.0,4.1,1610.0,146.0,Intel Core Ultra 5 Processor,16 GB LPDDR5 RAM,64 bit Windows 11 Home,512.0,1.0
"ASUS Vivobook 15 (2025) (i5 14th Gen) with MSO 2024 + M365 Basic*, Backlit Keyboard, Intel Core 5 120U...",ASUS,50990.0,4.3,1033.0,78.0,Intel Core 5 Processor,16 GB DDR4 RAM,Windows 11 Home,512.0,1.0
Acer Aspire Lite Intel Core i5 12th Gen 12450H - (16 GB/1 TB SSD/Windows 11 Home) AL15-52H Thin and Li...,Acer,45990.0,4.1,2055.0,178.0,Intel Core i5 Processor (12th Gen),16 GB LPDDR5 RAM,64 bit Windows 11 Home,1.0,1.0
ASUS (2024) AMD APU Dual Core E1 E1-6010 - (4 GB/500 GB HDD/Windows 11 Home) X540YA-XO547T Laptop,ASUS,21550.0,3.7,8066.0,1295.0,AMD APU Dual Core E1 Processor,4 GB DDR3 RAM,64 bit Windows 11 Home,500.0,1.0
DELL Inspiron 5440 (2025) Intel Core i3 13th Gen 1305U - (8 GB/512 GB SSD/Windows 11 Home) Inspiron 54...,DELL,34490.0,4.0,92.0,8.0,Intel Core i3 Processor (13th Gen),8 GB DDR5 RAM,"Microsoft Office 2021, Windows 11 Home",512.0,1.0
HP G9 Intel Core i3 13th Gen 1315U Turbo Boost with Finger Print - (16 GB/512 GB SSD/Windows 11 Pro) 2...,HP,36990.0,4.0,381.0,34.0,Intel Core i3 Processor (13th Gen),16 GB DDR4 RAM,64 bit Windows 11,512.0,1.0
MOTOROLA Motobook 60 Pro Full Metal OLED AI PC Intel Core Ultra 5 225H - (16 GB/1 TB SSD/Windows 11 Ho...,MOTOROLA,64990.0,4.3,42.0,10.0,Intel Core Ultra 5 Processor,16 GB DDR5 RAM,64 bit Windows 11,1.0,1.0
Acer Aspire 3 (2025) Intel Core i5 13th Gen 1334U - (16 GB/512 GB SSD/Windows 11 Home) Aspire 3 A325-5...,Acer,48990.0,4.2,90.0,6.0,Intel Core i5 Processor (13th Gen),16 GB DDR4 RAM,"Microsoft Office 2021, Windows 11 Home",512.0,3.0
"ASUS Vivobook S14 (2025) with Office 2024 + M365 Basic*, Backlit Keyboard, Intel Core i5 13th Gen 1342...",ASUS,56990.0,4.4,708.0,49.0,Intel Core i5 Processor (13th Gen),16 GB DDR5 RAM,Windows 11 Home,512.0,1.0
Acer Aspire Intel Core i3 13th Gen 1305U - (8 GB/512 GB SSD/Windows 11 Home) AL15-53 Notebook,Acer,33938.0,3.9,64.0,7.0,Intel Core i3 Processor (13th Gen),8 GB DDR4 RAM,64 bit Windows 11 Home,512.0,1.0
Acer Aspire 3 Backlit AMD Ryzen 7 Octa Core 7730U - (16 GB/1 TB SSD/Windows 11 Home) A325-42 Thin and ...,Acer,42990.0,4.1,1468.0,109.0,AMD Ryzen 7 Octa Core Processor,16 GB DDR4 RAM,Windows 11,1.0,1.0
Apple MacBook Air M4 - (16 GB/256 GB SSD/macOS Sequoia) MW123HN/A,Apple,94990.0,4.7,1899.0,135.0,Apple M4 Processor,16 GB Unified Memory RAM,Mac OS,256.0,1.0
HP AMD Ryzen 5 Hexa Core 7530U - (8 GB/512 GB SSD/Windows 11 Home) 15-fc0388AU Thin and Light Laptop,HP,36990.0,4.2,16.0,4.0,AMD Ryzen 5 Hexa Core Processor,8 GB DDR4 RAM,Windows 11 Home,512.0,1.0
Acer Aspire Lite AMD Ryzen 7 Octa Core 7730U - (16 GB/512 GB SSD/Windows 11 Home) AL15-41 Thin and Lig...,Acer,44590.0,4.1,449.0,38.0,AMD Ryzen 7 Octa Core Processor,16 GB DDR4 RAM,64 bit Windows 11,512.0,1.0
"ASUS Vivobook 15, with Backlit Keyboard, Intel Core i5 12th Gen 1235U - (8 GB/512 GB SSD/Windows 11 Ho...",ASUS,42990.0,4.2,8714.0,484.0,Intel Core i5 Processor (12th Gen),8 GB DDR4 RAM,Windows 11,512.0,1.0
Acer Nitro V 15 Intel Core 5 210H - (16 GB/512 GB SSD/Windows 11 Home/6 GB Graphics/NVIDIA GeForce RTX...,Acer,69990.0,4.5,454.0,52.0,Intel Core 5 Processor,16 GB DDR5 RAM,64 bit Windows 11 Home,512.0,1.0
Lenovo IdeaPad Slim 3 Intel Core i5 12th Gen 12450H - (16 GB/512 GB SSD/Windows 11 Home) 15IAH8 Thin a...,Lenovo,49950.0,4.0,47.0,4.0,Intel Core i5 Processor (12th Gen),16 GB LPDDR5 RAM,Windows 11,512.0,1.0
"ASUS Vivobook 15 (2025) with Office 2024 + M365 Basic*, Backlit Keyboard, Intel Core i5 13th Gen 1335U...",ASUS,47990.0,4.3,980.0,51.0,Intel Core i5 Processor (13th Gen),16 GB DDR4 RAM,Windows 11,512.0,1.0
Lenovo LOQ Intel Core i5 13th Gen 13450HX - (16 GB/512 GB SSD/Windows 11 Home/6 GB Graphics/NVIDIA GeF...,Lenovo,86290.0,4.4,424.0,27.0,Intel Core i5 Processor (13th Gen),16 GB DDR5 RAM,Windows 11,512.0,1.0
HP Intel Core i5 12th Gen 1235U - (16 GB/512 GB SSD/Windows 11 Home) 15s-fq5330TU|15-fd0111TU Thin and...,HP,57799.0,4.3,8122.0,371.0,Intel Core i5 Processor (12th Gen),16 GB DDR4 RAM,Windows 11,512.0,1.0
"ASUS Vivobook 15, with Backlit Keyboard, Intel Core i5 12th Gen 1235U - (16 GB/512 GB SSD/Windows 11 H...",ASUS,45990.0,4.2,1296.0,88.0,Intel Core i5 Processor (12th Gen),16 GB DDR4 RAM,Windows 11,512.0,1.0
Acer Aspire 3 Backlit Intel Core i5 12th Gen 1235U - (16 GB/512 GB SSD/Windows 11 Home) A324-51 Thin a...,Acer,41990.0,4.2,3177.0,213.0,Intel Core i5 Processor (12th Gen),16 GB DDR4 RAM,64 bit Windows 11,512.0,1.0
Lenovo V15 AMD Ryzen 5 Quad Core 7520U - (16 GB/512 GB SSD/Windows 11 Home) V15 Thin and Light Laptop,Lenovo,37990.0,4.1,1724.0,154.0,AMD Ryzen 5 Quad Core Processor,16 GB DDR4 RAM,Windows 11,512.0,1.0
Lenovo IdeaPad Slim 5 2.5K IPS Intel Core i5 13th Gen 13500H - (16 GB/1 TB SSD/Windows 11 Home) 16IRL8...,Lenovo,73490.0,4.2,542.0,63.0,Intel Core i5 Processor (13th Gen),16 GB LPDDR5 RAM,Windows 11,1.0,1.0
"ASUS Vivobook 15, with Backlit Keyboard, Intel Core i3 12th Gen 1215U - (8 GB/512 GB SSD/Windows 11 Ho...",ASUS,30990.0,4.3,7686.0,606.0,Intel Core i3 Processor (12th Gen),8 GB DDR4 RAM,Windows 11,512.0,1.0
HP Intel Intel Core i5 11th Gen 1155G7 - (8 GB/512 GB SSD/Windows 11 Home) 15s- fr4000TU Thin and Ligh...,HP,49848.0,4.3,3992.0,275.0,Intel Core i5 Processor (11th Gen),8 GB DDR4 RAM,64 bit Windows 11,512.0,1.0
"DELL Inspiron 15 with Backlit Keyboard, Intel Core i5 13th Gen 1334U - (16 GB/512 GB SSD/Windows 11 Ho...",DELL,51400.0,4.2,963.0,54.0,Intel Core i5 Processor (13th Gen),16 GB DDR4 RAM,64 bit Windows 11,512.0,1.0
Primebook 2 Neo (2025) in-Built AI MediaTek Helio G99 (MT8781) - (6 GB/128 GB/Android 15) PBG9911128#B...,Primebook,14990.0,4.4,146.0,52.0,MediaTek Helio G99 (MT8781) Processor,6 GB LPDDR4 RAM,64 bit Android,512.0,1.0
"ASUS Vivobook 15 (2025)(i5 14th Gen)with MSO 2024 + M365 Basic, Backlit Keyboard, Intel Core 5 120U - ...",ASUS,50990.0,4.3,1033.0,78.0,Intel Core 5 Processor,16 GB DDR4 RAM,Windows 11 Home,512.0,1.0
MSI Modern 14 AMD Ryzen 5 Hexa Core 7530U - (16 GB/512 GB SSD/Windows 11 Home) Modern 14 C7M-062IN Thi...,MSI,41990.0,4.4,4817.0,540.0,AMD Ryzen 5 Hexa Core Processor,16 GB DDR4 RAM,Windows 11,512.0,1.0
Samsung Galaxy Book 4 14th Gen with Fingerprint Reador Intel Core 5 14th Gen 120U - (16 GB/512 GB SSD/...,Samsung,52990.0,4.3,26.0,3.0,Intel Core 5 Processor (14th Gen),16 GB LPDDR4X RAM,Windows 11 Pro,512.0,1.0
ASUS Expertbook Intel Core i5 13th Gen 13420H - (32 GB/512 GB SSD/Windows 11 Home) P1503CVA-S71075WS T...,ASUS,58990.0,4.2,165.0,9.0,Intel Core i5 Processor (13th Gen),32 GB DDR5 RAM,Windows 11 Home,512.0,1.0
Acer NITRO LITE 16 Intel Core i5 13th Gen 13420H - (16 GB/512 GB SSD/Windows 11 Home/6 GB Graphics/NVI...,Acer,59999.0,4.6,26.0,4.0,Intel Core i5 Processor (13th Gen),16 GB DDR5 RAM,64 bit Windows 11 Home,512.0,1.0
"DELL Inspiron 15 with Backlit Keyboard, Intel Core i5 12th Gen 1235U - (8 GB/512 GB SSD/Windows 11 Hom...",DELL,46490.0,4.2,1272.0,77.0,Intel Core i5 Processor (12th Gen),8 GB DDR4 RAM,64 bit Windows 11,512.0,1.0
HP 250R G9 Intel Core i3 13th Gen i3-1315U up to 4.5 GHz with Intel Turbo Boost - (16 GB/512 GB SSD/Wi...,HP,37661.0,4.0,284.0,14.0,Intel Core i3 Processor (13th Gen),16 GB DDR4 RAM,64 bit Windows 11,512.0,1.0
"Acer Aspire Lite with Backlit Keyboard, Intel Core i7 12th Gen 1255U - (16 GB/512 GB SSD/Windows 11 Ho...",Acer,50850.0,4.3,89.0,6.0,Intel Core i7 Processor (12th Gen),16 GB DDR4 RAM,Windows 11,512.0,1.0
HP 15s Intel Core i3 13th Gen 1315U - (8 GB/512 GB SSD/Windows 11 Home) 15-fd0006TU / 15-fd0569TU Thin...,HP,34990.0,4.2,627.0,44.0,Intel Core i3 Processor (13th Gen),8 GB DDR4 RAM,64 bit Windows 11,512.0,1.0
Acer 3 Years Warranty Aspire 3 (2025) Intel Core i3 13th Gen 1305U - (24 GB/512 GB SSD/Windows 11 Home...,Acer,37990.0,4.4,8.0,1.0,Intel Core i3 Processor (13th Gen),24 GB DDR4 RAM,"Microsoft Office 2021, Windows 11 Home",512.0,3.0
"ASUS Vivobook 15 (2025) with Office 2024 + M365 Basic*, Backlit Keyboard, Intel Core i5 13th Gen 1335U...",ASUS,47990.0,4.6,48.0,3.0,Intel Core i5 Processor (13th Gen),16 GB DDR4 RAM,Windows 11 Home,512.0,1.0
DELL 15 Intel Core i5 13th Gen 1334U - (16 GB/512 GB SSD/Windows 11 Home) 3530 Thin and Light Laptop,DELL,50990.0,4.1,23.0,1.0,Intel Core i5 Processor (13th Gen),16 GB DDR4 RAM,64 bit Windows 11,512.0,1.0
ASUS Expertbook P1 High-performance processor Intel Core i7 13th Gen 13620H - (32 GB/512 GB SSD/Window...,ASUS,72990.0,4.3,699.0,53.0,Intel Core i7 Processor (13th Gen),32 GB DDR5 RAM,Windows 11 Home,512.0,1.0
HP Victus AMD Ryzen 7 Hexa Core 7445HS - (16 GB/512 GB SSD/Windows 11 Home/4 GB Graphics/NVIDIA GeForc...,HP,63990.0,4.4,590.0,36.0,AMD Ryzen 7 Hexa Core Processor,16 GB DDR5 RAM,Windows 11 Home,512.0,1.0
Lenovo V 14 (2025) Intel Core i3 13th Gen 1315U - (16 GB/512 GB SSD/Windows 11 Home) V 14 Thin and Lig...,Lenovo,35990.0,4.3,42.0,2.0,Intel Core i3 Processor (13th Gen),16 GB DDR4 RAM,"Microsoft Office 2021, Windows 11 Home",512.0,1.0
Acer Swift Neo Intel Core Ultra 5 115U - (16 GB/512 GB SSD/Windows 11 Home) SFN14-54H Thin and Light L...,Acer,54990.0,4.1,1610.0,146.0,Intel Core Ultra 5 Processor,16 GB LPDDR5 RAM,64 bit Windows 11 Home,512.0,1.0
Lenovo LOQ Intel Core i5 13th Gen 13450HX - (16 GB/512 GB SSD/Windows 11 Home/6 GB Graphics/NVIDIA GeF...,Lenovo,78990.0,4.3,2436.0,189.0,Intel Core i5 Processor (13th Gen),16 GB DDR5 RAM,Windows 11,512.0,1.0
MSI Thin 15 Intel Core i5 12th Gen 12450H - (16 GB/512 GB SSD/Windows 11 Home/4 GB Graphics/NVIDIA GeF...,MSI,66799.0,4.3,728.0,66.0,Intel Core i5 Processor (12th Gen),16 GB DDR4 RAM,Windows 11,512.0,2.0
HP AMD Ryzen 7 Octa Core 5825U - (16 GB/512 GB SSD/Windows 11 Home) 15-fc0476AU Thin and Light Laptop,HP,51990.0,4.1,291.0,19.0,AMD Ryzen 7 Octa Core Processor,16 GB DDR4 RAM,Windows 11 Home,512.0,1.0
Primebook 4G Android Based MediaTek MT8788 - (4 GB/64 GB EMMC Storage/Prime OS) 4G Thin and Light Lapt...,Primebook,24990.0,4.2,3203.0,933.0,MediaTek MT8788 Processor,4 GB LPDDR4 RAM,Android,512.0,1.0
DELL Inspiron 15 With MSO'2024 & Backlit KB Intel Core i5 13th Gen 1334U - (16 GB/1 TB SSD/Windows 11 ...,DELL,56937.0,4.2,963.0,54.0,Intel Core i5 Processor (13th Gen),16 GB DDR4 RAM,Windows 11,1.0,1.0
"ASUS Vivobook 15 (2025) with Office 2024 + M365 Basic*, Backlit Keyboard, Intel Core i3 13th Gen 1315U...",ASUS,38990.0,4.3,2667.0,160.0,Intel Core i3 Processor (13th Gen),16 GB DDR4 RAM,Windows 11 Home,512.0,1.0
Apple MacBook Air M4 - (16 GB/512 GB SSD/macOS Sequoia) MC7C4HN/A,Apple,135299.0,5.0,5.0,0.0,Apple M4 Processor,16 GB Unified Memory RAM,Mac OS,512.0,1.0
DELL Inspiron 5440 (2025) Intel Core i3 13th Gen 1305U - (16 GB/512 GB SSD/Windows 11 Home) Inspiron 5...,DELL,38990.0,3.9,163.0,11.0,Intel Core i3 Processor (13th Gen),16 GB DDR5 RAM,"Microsoft Office 2021, Windows 11 Home",512.0,1.0
Acer Aspire Lite AMD Ryzen 3 Quad Core 5300U - (8 GB/256 GB SSD/Windows 11 Home) AL15-41 Thin and Ligh...,Acer,26491.0,4.1,100.0,9.0,AMD Ryzen 3 Quad Core Processor,8 GB DDR4 RAM,Windows 11,256.0,1.0
HP Pavilion Intel Core i5 13th Gen 1335U - (16 GB/1 TB SSD/Windows 11 Home) 15-eg3018TU Thin and Light...,HP,64352.0,4.3,1650.0,107.0,Intel Core i5 Processor (13th Gen),16 GB DDR4 RAM,Windows 11,1.0,1.0
MSI Modern 14 Intel Core i5 12th Gen 1235U - (16 GB/512 GB SSD/Windows 11 Home) Modern 14 C12M-439IN /...,MSI,49990.0,4.3,1614.0,157.0,Intel Core i5 Processor (12th Gen),16 GB DDR4 RAM,Windows 11,512.0,1.0
MSI Intel Core i5 12th Gen 1235U - (16 GB/512 GB SSD/Windows 11 Home) Modern 14 C12MO-1299IN Thin and ...,MSI,42990.0,4.3,1614.0,157.0,Intel Core i5 Processor (12th Gen),16 GB DDR4 RAM,Windows 11,512.0,1.0
ASUS Chromebook CX15 Intel Celeron Dual Core N4500 - (4 GB/64 GB EMMC Storage/Chrome OS) CX1505CKA-S70...,ASUS,14999.0,3.9,59.0,2.0,Intel Celeron Dual Core Processor,4 GB LPDDR4X RAM,Chrome,512.0,1.0
"DELL Inspiron 15 with Backlit Keyboard, Intel Core i5 13th Gen 1334U - (8 GB/512 GB SSD/Windows 11 Hom...",DELL,48688.0,4.2,963.0,54.0,Intel Core i5 Processor (13th Gen),8 GB DDR4 RAM,64 bit Windows 11,512.0,1.0
HP Victus Intel Core i5 13th Gen 13420H - (16 GB/512 GB SSD/Windows 11 Home/4 GB Graphics/NVIDIA GeFor...,HP,65990.0,4.3,452.0,33.0,Intel Core i5 Processor (13th Gen),16 GB DDR4 RAM,Windows 11 Home,512.0,1.0
Acer Aspire Lite Intel Core i5 12th Gen 1235U - (16 GB/512 GB SSD/Windows 11 Home) AL15-52 Thin and Li...,Acer,50938.0,3.8,268.0,13.0,Intel Core i5 Processor (12th Gen),16 GB DDR4 RAM,Windows 11,512.0,1.0
Lenovo LOQ 2025 Intel Core i7 13th Gen 13700HX - (16 GB/1 TB SSD/Windows 11 Home/8 GB Graphics/NVIDIA ...,Lenovo,115990.0,4.4,70.0,7.0,Intel Core i7 Processor (13th Gen),16 GB DDR5 RAM,Windows 11 Home,1.0,1.0
Lenovo Lenovo V15 G3 IAP Intel Core i5 12th Gen 1235U - (16 GB/512 GB SSD/Windows 11 Home) 82TTA07RIH ...,Lenovo,46940.0,4.1,258.0,26.0,Intel Core i5 Processor (12th Gen),16 GB DDR4 RAM,Windows 11,512.0,1.0
ASUS Vivobook Go 15 Intel Core i3 N305 - (8 GB/512 GB SSD/Windows 11 Home) E1504GA-NJ3321WS Thin and L...,ASUS,30990.0,3.2,6.0,0.0,Intel Core i3 Processor,8 GB DDR4 RAM,Windows 11 Home,512.0,1.0
ASUS Vivobook Go 15 AMD Ryzen 5 Quad Core 7520U - (8 GB/512 GB SSD/Windows 11 Home) E1504FA-NJ133WS | ...,ASUS,34890.0,4.2,2521.0,164.0,AMD Ryzen 5 Quad Core Processor,8 GB LPDDR5 RAM,Windows 11,512.0,1.0
HP Intel Core i3 13th Gen 1315U - (8 GB/512 GB SSD/Windows 11 Home) 15-fd0569TU Thin and Light Laptop,HP,34990.0,4.3,31.0,1.0,Intel Core i3 Processor (13th Gen),8 GB DDR4 RAM,Windows 11 Home,512.0,1.0
MSI Thin A15 AMD Ryzen 7 Octa Core 7735HS - (16 GB/1 TB SSD/Windows 11 Home/6 GB Graphics/NVIDIA GeFor...,MSI,103990.0,4.5,22.0,5.0,AMD Ryzen 7 Octa Core Processor,16 GB DDR5 RAM,Windows 11,1.0,2.0
MSI Intel Core i5 12th Gen 1235U - (8 GB/512 GB SSD/Windows 11 Home) Modern 14 C12MO-1400IN Business L...,MSI,55990.0,4.4,353.0,35.0,Intel Core i5 Processor (12th Gen),8 GB DDR4 RAM,Windows 11,512.0,1.0
Lenovo V 14 (2025) Intel Core i5 13th Gen 13420H - (16 GB/512 GB SSD/Windows 11 Pro) V14 Thin and Ligh...,Lenovo,48999.0,4.6,8.0,0.0,Intel Core i5 Processor (13th Gen),16 GB DDR4 RAM,"Microsoft Office 2021, Windows 11 Pro",512.0,1.0
Acer Nitro V 15 Intel Core i7 13th Gen - (16 GB/512 GB SSD/Windows 11 Home/8 GB Graphics/NVIDIA GeForc...,Acer,89999.0,4.3,41.0,5.0,Intel Core i7 Processor (13th Gen),16 GB DDR4 RAM,64 bit Windows 11 Home,512.0,1.0
ASUS Chromebook Intel Celeron Dual Core N4500 - (8 GB/128 GB EMMC Storage/Chrome OS) CX1500CKA-NJ0395 ...,ASUS,24199.0,3.8,2996.0,259.0,Intel Celeron Dual Core Processor,8 GB LPDDR4X RAM,Chrome,512.0,1.0
Acer Aspire 7 Intel Core i5 12th Gen 12450H - (8 GB/512 GB SSD/Windows 11 Home/4 GB Graphics/NVIDIA Ge...,Acer,51299.0,4.2,3877.0,306.0,Intel Core i5 Processor (12th Gen),8 GB DDR4 RAM,Windows 11,512.0,1.0
Acer Predator Neo Intel Core i7 13th Gen 13700HX - (16 GB/1 TB SSD/Windows 11 Home/6 GB Graphics/NVIDI...,Acer,102099.0,4.4,1352.0,112.0,Intel Core i7 Processor (13th Gen),16 GB DDR5 RAM,Windows 11,1.0,1.0
"HP OmniBook 5 Flip with Touchscreen, Backlit Keyboard & MSO'2024, Intel Core i5 13th Gen 1334U - (16 G...",HP,65990.0,4.2,14.0,0.0,Intel Core i5 Processor (13th Gen),16 GB LPDDR5 RAM,Windows 11 Home,512.0,1.0
Lenovo V15 AMD Ryzen 3 Quad Core 7th Gen 7320U - (8 GB/512 GB SSD/Windows 11 Home/1 GB Graphics) V15 G...,Lenovo,30499.0,4.0,227.0,20.0,AMD Ryzen 3 Quad Core Processor (7th Gen),8 GB DDR5 RAM,64 bit Windows 11,512.0,1.0
MSI Thin 15 Intel Core i5 12th Gen 12450H - (8 GB/512 GB SSD/Windows 11 Home/4 GB Graphics/NVIDIA GeFo...,MSI,58990.0,4.3,1530.0,116.0,Intel Core i5 Processor (12th Gen),8 GB DDR4 RAM,Windows 11,512.0,2.0
Lenovo IdeaPad Slim 3 Intel Core i5 12th Gen 12450H - (8 GB/512 GB SSD/Windows 11 Home) 14IAH8 Thin an...,Lenovo,48490.0,4.2,2608.0,131.0,Intel Core i5 Processor (12th Gen),8 GB LPDDR5 RAM,Windows 11,512.0,1.0
"ASUS Vivobook 14 (2025) with Office 2024 + M365 Basic*, Intel Core i3 13th Gen 1315U - (8 GB/512 GB SS...",ASUS,39990.0,4.3,2667.0,160.0,Intel Core i3 Processor (13th Gen),8 GB DDR4 RAM,Windows 11 Home,512.0,1.0
DELL 15 Intel Core i5 1334U - (16 GB/512 GB SSD/Windows 11 Home) 3530 Thin and Light Laptop,DELL,52919.0,4.1,61.0,3.0,Intel Core i5 Processor,16 GB DDR4 RAM,Windows 11,512.0,1.0
HP 15s AMD Ryzen 3 Quad Core 5300U - (8 GB/512 GB SSD/Windows 11 Home) 15s-eq2143au Thin and Light Lap...,HP,32855.0,4.3,5922.0,474.0,AMD Ryzen 3 Quad Core Processor,8 GB DDR4 RAM,64 bit Windows 11,512.0,1.0
Lenovo IdeaPad Slim 1 AMD Ryzen 3 Quad Core 7320U - (8 GB/512 GB SSD/Windows 11 Home) 15AMN7 Thin and ...,Lenovo,34990.0,4.0,417.0,24.0,AMD Ryzen 3 Quad Core Processor,8 GB LPDDR5 RAM,Windows 11,512.0,2.0
HP G9 SERIES AMD Athlon Dual Core 3050U - (4 GB/256 GB SSD/Windows 11 Home) 255 Thin and Light Laptop,HP,25150.0,4.0,87.0,6.0,AMD Athlon Dual Core Processor,4 GB DDR4 RAM,Windows 11,256.0,1.0
DELL 14 (2025) Intel Core i3 13th Gen 1305U - (16 GB/512 GB SSD/Windows 11 Pro) 14 Thin and Light Lapt...,DELL,39499.0,4.3,166.0,10.0,Intel Core i3 Processor (13th Gen),16 GB DDR5 RAM,"Microsoft Office 2021, Windows 11 Pro",512.0,1.0
MSI Intel Core i3 12th Gen 1215U - (8 GB/512 GB SSD/Windows 11 Home) Modern 14 C12MO-1401IN Business L...,MSI,30990.0,4.2,84.0,10.0,Intel Core i3 Processor (12th Gen),8 GB DDR4 RAM,Windows 11,512.0,1.0
MSI Thin A15 AMD Ryzen 7 Octa Core 7735HS - (16 GB/1 TB SSD/Windows 11 Home/8 GB Graphics/NVIDIA GeFor...,MSI,111990.0,4.5,11.0,1.0,AMD Ryzen 7 Octa Core Processor,16 GB DDR5 RAM,Windows 11,1.0,2.0
ASUS Vivobook 15 Intel Core i3 13th Gen 1315U - (8 GB/512 GB SSD/Windows 11 Home) X1504VA-NJ324WS Thin...,ASUS,34990.0,3.7,39.0,2.0,Intel Core i3 Processor (13th Gen),8 GB DDR4 RAM,Windows 11,512.0,1.0
DELL Intel Core i3 13th Gen 1305U - (8 GB/512 GB SSD/Windows 11 Home) Inspiron 3530 Thin and Light Lap...,DELL,35562.0,4.2,440.0,32.0,Intel Core i3 Processor (13th Gen),8 GB DDR4 RAM,Windows 11,512.0,1.0
Lenovo LOQ Essential Intel Core i5 12th Gen 12450HX - (12 GB/512 GB SSD/Windows 11 Home/4 GB Graphics/...,Lenovo,59490.0,4.2,194.0,16.0,Intel Core i5 Processor (12th Gen),12 GB DDR5 RAM,Windows 11 Home,512.0,1.0
Lenovo IdeaPad Slim 5 Intel Core i5 13th Gen 13500H - (16 GB/512 GB SSD/Windows 11 Home) 16IRL8 Thin a...,Lenovo,78490.0,4.2,542.0,63.0,Intel Core i5 Processor (13th Gen),16 GB LPDDR5 RAM,Windows 11,512.0,1.0
Acer One Intel Core i3 11th Gen 1115G4 - (8 GB/512 GB SSD/Windows 11 Home) AO 14 Z 8-415 Thin and Ligh...,Acer,25499.0,4.2,13449.0,968.0,Intel Core i3 Processor (11th Gen),8 GB DDR4 RAM,64 bit Windows 11,512.0,1.0
"DELL 14 Plus Next Gen AI PC Backlit Keyboard, Fingerprint reader Intel Core Ultra 5 226V - (16 GB/512 ...",DELL,72990.0,4.4,190.0,21.0,Intel Core Ultra 5 Processor,16 GB LPDDR5X RAM,Windows 11 Home,512.0,1.0
HP AMD Athlon Dual Core - (8 GB/256 GB SSD/Windows 11 Home) 255 Laptop,HP,27500.0,4.0,1153.0,72.0,AMD Athlon Dual Core Processor,8 GB LPDDR4 RAM,Windows 11,256.0,1.0
"ASUS Vivobook 15, with Backlit Keyboard, Intel Core i5 12th Gen 1235U - (16 GB/512 GB SSD/Windows 11 H...",ASUS,50391.0,4.2,74.0,6.0,Intel Core i5 Processor (12th Gen),16 GB DDR4 RAM,Windows 11,512.0,1.0
HP Professional Intel Core i5 13th Gen 1334U Turbo Boost Finger Print - (32 GB/512 GB SSD/Windows 11 P...,HP,56990.0,3.9,41.0,7.0,Intel Core i5 Processor (13th Gen),32 GB DDR4 RAM,"Windows 11 Pro, Microsoft Office 2021 Pro",512.0,1.0
Lenovo IdeaPad Slim 5 WUXGA IPS Intel Core i5 12th Gen 12450H - (16 GB/512 GB SSD/Windows 11 Home) 16I...,Lenovo,57480.0,4.2,710.0,60.0,Intel Core i5 Processor (12th Gen),16 GB LPDDR5 RAM,Windows 11,512.0,1.0
MSI Intel Core i3 12th Gen 1215U - (16 GB/512 GB SSD/Windows 11 Home) Modern 15 B12MO-1049IN Business ...,MSI,34990.0,4.2,84.0,10.0,Intel Core i3 Processor (12th Gen),16 GB DDR4 RAM,Windows 11,512.0,1.0
CHUWI Intel Celeron Dual Core 11th Gen N4020 - (8 GB/256 GB SSD/Windows 11 Home) HeroBook Pro Laptop,CHUWI,18990.0,3.7,1801.0,210.0,Intel Celeron Dual Core Processor (11th Gen),8 GB DDR4 RAM,"WPS Office,  Software",256.0,1.0
Acer Aspire 3 Intel Core i3 12th Gen 1215U - (8 GB/512 GB SSD/Windows 11 Home) A315-59-36HE Thin and L...,Acer,33990.0,4.3,867.0,59.0,Intel Core i3 Processor (12th Gen),8 GB DDR4 RAM,Windows 11,512.0,1.0
Ultimus APEX BOLD N Intel Pentium Quad Core N4200 - (8 GB/256 GB SSD/Windows 11 Home) NU14U9INC54LS-CS...,Ultimus,16490.0,4.2,281.5,24.0,Intel Pentium Quad Core Processor,8 GB DDR3 RAM,Pre loaded windows APP,256.0,1.0
HP Laptop Intel Core i3 12th Gen 1215U - (8 GB/256 GB SSD/Windows 11 Home) 15s-fy5010TU Thin and Light...,HP,37900.0,4.3,6489.0,376.0,Intel Core i3 Processor (12th Gen),8 GB DDR4 RAM,Windows 11 Home,256.0,1.0
Primebook 4G Android based MediaTek MT8788 - (4 GB/64 GB EMMC Storage/Prime OS) 4G Thin and Light Lapt...,Primebook,13490.0,4.7,22.0,9.0,MediaTek MT8788 Processor,4 GB LPDDR4 RAM,64 bit Prime OS,512.0,1.0
ASUS VivoBook 15 Intel Core i5 8th Gen 8250U - (8 GB/1 TB HDD/Windows 10 Home) X540UA-DM2124T Laptop,ASUS,46700.0,4.1,1839.0,235.0,Intel Core i5 Processor (8th Gen),8 GB DDR4 RAM,64 bit Windows 10,1.0,1.0
Lenovo IdeaPad Slim 3 Intel Core i3 12th Gen 1215U - (8 GB/256 GB SSD/Windows 11 Home) 15IAU7 Thin and...,Lenovo,37999.0,4.2,1301.0,91.0,Intel Core i3 Processor (12th Gen),8 GB DDR4 RAM,Windows 11,256.0,1.0
Primebook Wifi MediaTek MT8183 - (4 GB/64 GB EMMC Storage/Prime OS) PB Wifi Thin and Light Laptop,Primebook,17399.0,4.2,3424.0,859.0,MediaTek MT8183 Processor,4 GB LPDDR4 RAM,Android,512.0,1.0
Primebook S Wifi MediaTek MT8183 - (4 GB/128 GB EMMC Storage/Prime OS) PB S Wifi Thin and Light Laptop,Primebook,18399.0,4.1,1458.0,408.0,MediaTek MT8183 Processor,4 GB LPDDR4 RAM,Android,512.0,1.0
DELL Latitude 3550 (2025) Intel Core i3 13th Gen 1315U - (16 GB/512 GB SSD/Windows 11 Pro) Latitude 35...,DELL,39800.0,4.0,31.0,2.0,Intel Core i3 Processor (13th Gen),16 GB DDR5 RAM,"Microsoft Office 2021, Windows 11 Pro",512.0,1.0
DELL MSO'2021 Intel Core i3 12th Gen 1215U - (8 GB/512 GB SSD/Windows 11 Home) New Inspiron 15 Laptop ...,DELL,37990.0,4.2,2686.0,271.0,Intel Core i3 Processor (12th Gen),8 GB DDR4 RAM,64 bit Windows 11,512.0,1.0
Lenovo V15 Series AMD Ryzen 5 Quad Core 7520U - (8 GB/512 GB SSD/Windows 11 Home) V15 Thin and Light L...,Lenovo,35675.0,3.9,55.0,10.0,AMD Ryzen 5 Quad Core Processor,8 GB DDR5 RAM,Windows 11,512.0,1.0
Lenovo IdeaPad 5 2-in-1 WUXGA IPS Intel Core i5 13th Gen 13420H - (16 GB/512 GB SSD/Windows 11 Home) 1...,Lenovo,73999.0,4.5,61.0,5.0,Intel Core i5 Processor (13th Gen),16 GB LPDDR5X RAM,Windows 11,512.0,1.0
"ASUS Vivobook 15, with Backlit Keyboard, Intel Core i3 12th Gen 1215U - (8 GB/512 GB SSD/Windows 11 Ho...",ASUS,34990.0,4.3,7065.0,508.0,Intel Core i3 Processor (12th Gen),8 GB DDR4 RAM,Windows 11,512.0,1.0
CHUWI Intel Core i3 12th Gen Intel Core i3-1215U - (12 GB/512 GB SSD/Windows 11 Home) FreeBook 2 in 1 ...,CHUWI,37990.0,4.0,186.0,41.0,Intel Core i3 Processor (12th Gen),12 GB LPDDR4 RAM,Software,512.0,1.0
MSI Modern 14 Intel Core i3 12th Gen 1215U - (8 GB/512 GB SSD/Windows 11 Home) Modern 14 C12M-445IN / ...,MSI,33290.0,4.4,1518.0,163.0,Intel Core i3 Processor (12th Gen),8 GB DDR4 RAM,Windows 11,512.0,1.0
Lenovo IdeaPad 1 AMD Ryzen 3 Dual Core 3250U - (8 GB/512 GB SSD/Windows 11 Home) 15ADA7 Thin and Light...,Lenovo,31890.0,4.1,1092.0,91.0,AMD Ryzen 3 Dual Core Processor,8 GB DDR4 RAM,64 bit Windows 11,512.0,1.0
DELL Inspiron 3530 Intel Core i3 13th Gen 1305U - (8 GB/1 TB SSD/Windows 11 Home) Inspiron 3530 Thin a...,DELL,42490.0,4.1,310.0,20.0,Intel Core i3 Processor (13th Gen),8 GB DDR4 RAM,"Windows 11, Microsoft Office, Antivirus Macafee 15 Months",1.0,1.0
HP HP OmniBook X Flip (Previously Envy) Intel Core Ultra 7 258V - (32 GB/1 TB SSD/Windows 11 Home/16 G...,HP,145399.0,4.3,3.0,1.0,Intel Core Ultra 7 Processor,32 GB LPDDR5X RAM,Windows 11 Home,1.0,1.0
Lenovo IdeaPad Slim 3 Intel Core i3 13th Gen 1305U - (8 GB/512 GB SSD/Windows 11 Home) 15IRU8 Thin and...,Lenovo,35778.0,4.1,152.0,13.0,Intel Core i3 Processor (13th Gen),8 GB LPDDR5 RAM,Windows 11,512.0,1.0
"ASUS Vivobook 15, with Backlit Keyboard, Intel Core i3 12th Gen 1215U - (16 GB/512 GB SSD/Windows 11 H...",ASUS,38990.0,4.3,7065.0,508.0,Intel Core i3 Processor (12th Gen),16 GB DDR4 RAM,Windows 11 Home,512.0,1.0
DELL Latitude 3550 (2025) Intel Core i3 13th Gen 1315U - (24 GB/512 GB SSD/Windows 11 Home) Latitude 3...,DELL,42990.0,4.2,281.5,24.0,Intel Core i3 Processor (13th Gen),24 GB DDR5 RAM,"Microsoft Office 2021, Windows 11 Home",512.0,1.0
DELL Latitude 3440 (2025) Intel Core i3 12th Gen 1215U - (8 GB/512 GB SSD/Windows 11 Home) Latitude 34...,DELL,33590.0,3.4,12.0,2.0,Intel Core i3 Processor (12th Gen),8 GB DDR4 RAM,"Microsoft Office 2021, Windows 11 Home",512.0,1.0
DELL Intel Core i3 13th Gen - (8 GB/512 GB SSD/Windows 11 Home) 3530 Thin and Light Laptop,DELL,36990.0,4.2,276.0,25.0,Intel Core i3 Processor (13th Gen),8 GB DDR4 RAM,Windows 11,512.0,1.0
Lenovo IdeaPad Slim 3 WUXGA IPS Intel Core i5 13th Gen 13420H - (16 GB/512 GB SSD/Windows 11 Home) 15I...,Lenovo,57990.0,4.3,98.0,3.0,Intel Core i5 Processor (13th Gen),16 GB DDR5 RAM,Windows 11 Home,512.0,1.0
Lenovo Yoga Pro 7 2.8K OLED AI PC Intel Core Ultra 7 155H - (16 GB/1 TB SSD/Windows 11 Home/6 GB Graph...,Lenovo,139990.0,3.0,4.0,0.0,Intel Core Ultra 7 Processor,16 GB LPDDR5X RAM,Windows 11 Home,1.0,1.0
Lenovo V 14 (2025) Intel Core i7 12th Gen 1255U - (16 GB/512 GB SSD/Windows 11 Home) V 14 Thin and Lig...,Lenovo,56990.0,4.2,281.5,24.0,Intel Core i7 Processor (12th Gen),16 GB DDR4 RAM,"Microsoft Office 2021, Windows 11 Home",512.0,1.0
Lenovo V14 Intel Core i5 12th Gen 1235U - (16 GB/512 GB SSD/Windows 11 Home) V 14 Thin and Light Lapto...,Lenovo,48990.0,4.1,1176.0,83.0,Intel Core i5 Processor (12th Gen),16 GB DDR4 RAM,Windows 11,512.0,1.0
Samsung Galaxy Book4 Intel Core 5 120U - (8 GB/512 GB SSD/Windows 11 Home) NP750XGK-KG1IN / NP750XGK-L...,Samsung,62719.0,4.4,386.0,32.0,Intel Core 5 Processor,8 GB LPDDR4X RAM,Windows 11,512.0,1.0
Lenovo IdeaPad Slim 5 WUXGA OLED Full Metal Body Intel Core i5 13th Gen 13420H - (16 GB/1 TB SSD/Windo...,Lenovo,67990.0,4.6,28.0,3.0,Intel Core i5 Processor (13th Gen),16 GB DDR5 RAM,Windows 11 Home,1.0,1.0
HP OmniBook X AI PC Snapdragon X Elite - (16 GB/1 TB SSD/Windows 11 Home) 14-fe0121QU Thin and Light L...,HP,137999.0,4.2,281.5,24.0,Snapdragon X Elite Processor,16 GB LPDDR5X RAM,Windows 11,1.0,1.0
Lenovo IdeaPad 3 Intel Core i3 12th Gen 1215U - (8 GB/512 GB SSD/Windows 11 Home) 15IAU7 Thin and Ligh...,Lenovo,35990.0,4.1,875.0,67.0,Intel Core i3 Processor (12th Gen),8 GB DDR4 RAM,Windows 11,512.0,1.0
Samsung Galaxy Book4 Intel Core 5 120U - (16 GB/512 GB SSD/Linux) NP754XGQ-LS1IN Thin and Light Laptop,Samsung,45390.0,4.2,281.5,24.0,Intel Core 5 Processor,16 GB LPDDR4X RAM,Linux/Ubuntu,512.0,1.0
Lenovo IdeaPad Slim 3 Intel Core i3 13th Gen 1305U - (8 GB/512 GB SSD/Windows 11 Home) 15IRU8 Thin and...,Lenovo,37000.0,4.0,115.0,9.0,Intel Core i3 Processor (13th Gen),8 GB LPDDR5 RAM,Windows 11,512.0,1.0
Lenovo IdeaPad 5 2-in-1 Core 5 120U WUXGA IPS Intel Core 5 120U - (16 GB/512 GB SSD/Windows 11 Home) 1...,Lenovo,69990.0,4.7,24.0,0.0,Intel Core 5 Processor,16 GB LPDDR5X RAM,Windows 11,512.0,1.0
Lenovo IdeaPad Slim 3 Intel Core i5 11th Gen 1135G7 - (16 GB/512 GB SSD/Windows 11 Home) 15ITL6 Thin a...,Lenovo,49399.0,4.2,6325.0,426.0,Intel Core i5 Processor (11th Gen),16 GB DDR4 RAM,Windows 11,512.0,1.0
PiBook PhysicsWallah MediaTek MT8788 - (6 GB/128 GB EMMC Storage/Android 11) PW-2401 Laptop,PiBook,13498.0,3.7,10.0,1.0,MediaTek MT8788 Processor,6 GB LPDDR4X RAM,Android,512.0,1.0
DELL Intel Core i3 12th Gen 1215U - (8 GB/512 GB SSD/Windows 11 Home) Inspiron 3520 Thin and Light Lap...,DELL,34990.0,4.3,4.0,0.0,Intel Core i3 Processor (12th Gen),8 GB DDR4 RAM,Windows 11,512.0,1.0
Samsung Galaxy Book4 Intel Core 7 150U - (16 GB/512 GB SSD/Windows 11 Home) NP750XGK-KG3IN / NP750XGK-...,Samsung,70499.0,4.6,79.0,6.0,Intel Core 7 Processor,16 GB LPDDR4X RAM,Windows 11,512.0,1.0
Lenovo V 15 (2025) Intel Core i5 12th Gen 1235U - (16 GB/512 GB SSD/Windows 11 Home) V 15 Thin and Lig...,Lenovo,45999.0,3.7,57.0,3.0,Intel Core i5 Processor (12th Gen),16 GB DDR4 RAM,"Microsoft Office 2021, Windows 11 Home",512.0,1.0
Lenovo V SERIES Intel Core i5 12th Gen 1235U - (8 GB/512 GB SSD/Windows 11 Home) V15 Thin and Light La...,Lenovo,44690.0,4.1,92.0,3.0,Intel Core i5 Processor (12th Gen),8 GB DDR4 RAM,Windows 11,512.0,1.0
DELL Inspiron 3530 Intel Core i3 13th Gen N305 - (8 GB/256 GB SSD/Windows 11 Home) New Inspiron 15 Lap...,DELL,37990.0,5.0,7.0,0.0,Intel Core i3 Processor (13th Gen),8 GB LPDDR5 RAM,"Windows 11, Microsoft Office, Antivirus",256.0,1.0
DELL 14 (2025) Intel Core i3 13th Gen 1305U - (8 GB/512 GB SSD/Windows 11 Pro) 14 Thin and Light Lapto...,DELL,32890.0,3.8,21.0,6.0,Intel Core i3 Processor (13th Gen),8 GB DDR5 RAM,"Microsoft Office 2021, Windows 11 Pro",512.0,1.0
Apple MacBook Air M3 - (8 GB/512 GB SSD/macOS Sonoma) MRXR3HN/A,Apple,125999.0,4.7,462.0,24.0,Apple M3 Processor,8 GB Unified Memory RAM,Mac OS,512.0,1.0
MSI Modern 14 Intel Core i7 13th Gen 1355U - (16 GB/512 GB SSD/Windows 11 Home) Modern 14 C13M-435IN T...,MSI,56990.0,3.9,77.0,6.0,Intel Core i7 Processor (13th Gen),16 GB DDR4 RAM,Windows 11,512.0,1.0
CYNIX GenBook Pro 14 Intel Core i7 13th Gen i7 1355U - (32 GB/1 TB SSD/Windows 11 Home) G14P-i713-3210...,CYNIX,66899.0,4.2,281.5,24.0,Intel Core i7 Processor (13th Gen),32 GB DDR4 RAM,Windows 11 Home,1.0,1.0
Lenovo Yoga Book 9 Intel Evo Intel Core i7 13th Gen 1355U - (16 GB/1 TB SSD/Windows 11 Home) 13IRU8 2 ...,Lenovo,174990.0,5.0,6.0,0.0,Intel Core i7 Processor (13th Gen),16 GB LPDDR5X RAM,Windows 11,1.0,1.0
DELL Latitude 3550 (2025) Intel Core i5 13th Gen 1335U - (16 GB/512 GB SSD/Windows 11 Home) Latitude 3...,DELL,64490.0,4.2,281.5,24.0,Intel Core i5 Processor (13th Gen),16 GB DDR5 RAM,"Microsoft Office 2021, Windows 11 Home",512.0,3.0
DELL Inspiron 15 3530 Intel Core i5 13th Gen - (8 GB/1 TB SSD/Windows 11 Home) IN3530RW8JY001ORS1 Thin...,DELL,53990.0,4.2,963.0,54.0,Intel Core i5 Processor (13th Gen),8 GB DDR4 RAM,Windows 11,1.0,1.0
DELL Intel Celeron Quad Core - (8 GB/256 GB SSD/Windows 11 Pro) 5470 Thin and Light Laptop,DELL,28235.0,3.5,165.0,13.0,Intel Celeron Quad Core Processor,8 GB DDR4 RAM,Windows 11,256.0,1.0
DELL Latitude 3550 (2025) Intel Core i3 13th Gen 1315U - (8 GB/512 GB SSD/Windows 11 Home) Latitude 35...,DELL,34990.0,4.2,281.5,24.0,Intel Core i3 Processor (13th Gen),8 GB DDR5 RAM,"Microsoft Office 2021, Windows 11 Home",512.0,1.0
Acer Swift Neo OLED AI PC Intel Core Ultra 5 115U - (16 GB/1 TB SSD/Windows 11 Home) SFN14-54H Thin an...,Acer,85900.0,3.6,41.0,1.0,Intel Core Ultra 5 Processor,16 GB LPDDR5 RAM,64 bit Windows 11 Home,1.0,1.0
"ASUS Vivobook 15 (2025) (i5 14th Gen) with MSO 2024 + M365 Basic*, Backlit Keyboard, Intel Core 5 120U...",ASUS,53999.0,3.9,13.0,0.0,Intel Core 5 Processor,8 GB DDR4 RAM,Windows 11 Home,512.0,1.0
Acer Swift Go 14 TouchScreen AI PC Intel Core Ultra 7 155H - (16 GB/1 TB SSD/Windows 11 Home) SFG14-73...,Acer,80304.0,4.1,172.0,15.0,Intel Core Ultra 7 Processor,16 GB LPDDR5X RAM,Windows 11,1.0,1.0
Acer Aspire 14 AI Qualcomm Snapdragon X - (16 GB/512 GB SSD/Windows 11 Home) A14-11M Thin and Light La...,Acer,59990.0,4.5,111.0,24.0,Qualcomm Snapdragon X Processor,16 GB LPDDR5X RAM,64 bit Windows 11 Home,512.0,1.0
DELL Intel Core i3 12th Gen 1215U - (8 GB/512 GB SSD/Windows 11 Home) Inspiron 3520 Thin and Light Lap...,DELL,36490.0,4.3,4924.0,341.0,Intel Core i3 Processor (12th Gen),8 GB DDR4 RAM,Windows 11,512.0,1.0
"ASUS Zenbook A14 OLED (2025), MSO 2024 + M365 Basic, Metal Body, Backlit Keyboard, Qualcomm Snapdragon...",ASUS,89990.0,4.2,281.5,24.0,Qualcomm Snapdragon X Elite Processor,16 GB LPDDR5X RAM,Windows 11 Home,512.0,1.0
Lenovo �IdeaPad Slim 5 WUXGA OLED Full Metal Body Intel Core i5 13th Gen 13420H - (16 GB/512 GB SSD/Wi...,Lenovo,64990.0,4.6,28.0,3.0,Intel Core i5 Processor (13th Gen),16 GB DDR5 RAM,Windows 11 Home,512.0,1.0
Lenovo LOQ Intel Core i5 12th Gen 12450H - (16 GB/512 GB SSD/Windows 11 Home/6 GB Graphics/NVIDIA GeFo...,Lenovo,72990.0,4.2,948.0,114.0,Intel Core i5 Processor (12th Gen),16 GB DDR5 RAM,Windows 11,512.0,1.0
Lenovo V 15 (2025) Intel Core i3 12th Gen 1215U - (8 GB/512 GB SSD/Windows 11 Home) V 15 Thin and Ligh...,Lenovo,33849.0,3.8,11.0,1.0,Intel Core i3 Processor (12th Gen),8 GB DDR4 RAM,"Microsoft Office 2021, Windows 11 Home",512.0,1.0
CYNIX GenBook Pro 14 Intel Core i7 13th Gen i7 1355U - (8 GB/1 TB SSD/Windows 11 Home) G14P-i713-08102...,CYNIX,62099.0,4.2,281.5,24.0,Intel Core i7 Processor (13th Gen),8 GB DDR4 RAM,Windows 11 Home,1.0,1.0
HP 15s Intel Core i7 12th Gen 1255U - (16 GB/512 GB SSD/Windows 11 Home) 15s-fq5190tu Thin and Light L...,HP,64990.0,4.1,14.0,1.0,Intel Core i7 Processor (12th Gen),16 GB DDR4 RAM,64 bit Windows 11,512.0,1.0
DELL Inspiron Intel Core Ultra 5 125H - (16 GB/512 GB SSD/Windows 11 Home) Inspiron 16 Plus Laptop,DELL,66990.0,4.3,51.0,2.0,Intel Core Ultra 5 Processor,16 GB LPDDR5 RAM,Windows 11,512.0,1.0
MSI Modern 14 H Intel Core i5 13th Gen 13420H - (16 GB/512 GB SSD/Windows 11 Home) Modern 14 H D13MG-0...,MSI,54990.0,4.2,32.0,6.0,Intel Core i5 Processor (13th Gen),16 GB DDR4 RAM,Windows 11,512.0,1.0
DELL Inspiron Intel Core i3 11th Gen 115G4 - (8 GB/1 TB HDD/256 GB SSD/Windows 11 Home) Inspiron 3511 ...,DELL,41899.0,4.0,834.0,101.0,Intel Core i3 Processor (11th Gen),8 GB DDR4 RAM,64 bit Windows 11,1.0,1.0
Lenovo IdeaPad Slim 5i Intel Core i5 11th Gen 1135G7 - (16 GB/512 GB SSD/Windows 11 Home/2 GB Graphics...,Lenovo,62999.0,4.2,120.0,8.0,Intel Core i5 Processor (11th Gen),16 GB DDR4 RAM,64 bit Windows 11,512.0,1.0
CYNIX GenBook Pro 14 Intel Core i7 13th Gen i7 1355U - (32 GB/512 GB SSD/Windows 11 Home) G14P-i713-32...,CYNIX,63099.0,4.2,281.5,24.0,Intel Core i7 Processor (13th Gen),32 GB DDR4 RAM,Windows 11 Home,512.0,1.0
Lenovo IdeaPad 3 Intel Core i7 11th Gen - (16 GB/512 GB SSD/Windows 11 Home) 82H803HRIN Laptop,Lenovo,67990.0,4.5,11.0,2.0,Intel Core i7 Processor (11th Gen),16 GB DDR4 RAM,"Windows 11, Microsoft Office",512.0,1.0
HP 15 (2025) Intel Core i3 12th Gen 1215U - (16 GB/512 GB SSD/Windows 11 Pro) 15 Thin and Light Laptop,HP,39990.0,4.5,16.0,1.0,Intel Core i3 Processor (12th Gen),16 GB DDR4 RAM,"Microsoft Office 2021, Windows 11 Pro",512.0,1.0
Lenovo Ideapad Gaming 3 Intel Core i5 11th Gen 11320H - (16 GB/512 GB SSD/Windows 11 Home/4 GB Graphic...,Lenovo,69590.0,4.4,338.0,28.0,Intel Core i5 Processor (11th Gen),16 GB DDR4 RAM,Windows 11,512.0,1.0
MSI Pulse 17 Intel Core i7 13th Gen 13700H - (16 GB/1 TB SSD/Windows 11 Home/8 GB Graphics/NVIDIA GeFo...,MSI,195990.0,4.8,12.0,1.0,Intel Core i7 Processor (13th Gen),16 GB DDR5 RAM,Windows 11,1.0,2.0
Lenovo Thinkpad E series Intel Core i7 12th Gen 1255U - (16 GB/512 GB SSD/Windows 11 Pro) TPE14G4 Busi...,Lenovo,88550.0,3.0,3.0,0.0,Intel Core i7 Processor (12th Gen),16 GB DDR4 RAM,Windows 11,512.0,3.0
HP 250R G9 (2025) Intel Core i3 13th Gen 1315U - (32 GB/512 GB SSD/Windows 11 Pro) 250R G9 Thin and Li...,HP,41490.0,4.2,281.5,24.0,Intel Core i3 Processor (13th Gen),32 GB DDR4 RAM,"Microsoft Office 2021, Windows 11 Pro",512.0,1.0
Lenovo IdeaPad Gaming 3 AMD Ryzen 7 Octa Core AMD R7-5800H - (16 GB/512 GB SSD/Windows 11 Home/4 GB Gr...,Lenovo,77990.0,4.4,183.0,15.0,AMD Ryzen 7 Octa Core Processor,16 GB DDR4 RAM,64 bit Windows 11,512.0,1.0
MSI Modern 15 Intel Core i5 12th Gen 1235U - (16 GB/512 GB SSD/Windows 11 Home) Modern 15 B12MO Thin a...,MSI,46990.0,4.2,279.0,17.0,Intel Core i5 Processor (12th Gen),16 GB DDR4 RAM,Windows 11,512.0,1.0
DELL 14 Intel Core i3 13th Gen 1305U - (8 GB/512 GB SSD/Windows 11 Home) OIN54403001F1RINU1O Thin and ...,DELL,34790.0,3.7,10.0,0.0,Intel Core i3 Processor (13th Gen),8 GB DDR5 RAM,Windows 11,512.0,1.0
ASUS Expertbook P5 full metal AI PC Intel Core Ultra 7 258V - (32 GB/1 TB SSD/Windows 11 Home) P5405CS...,ASUS,109990.0,3.8,21.0,0.0,Intel Core Ultra 7 Processor,32 GB LPDDR5X RAM,Windows 11 Home,1.0,1.0
Lenovo Yoga Slim 7x Next Gen AI PC 3K OLED Full Metal Snapdragon X Elite - (32 GB/1 TB SSD/Windows 11 ...,Lenovo,139990.0,4.1,9.0,1.0,Snapdragon X Elite Processor,32 GB LPDDR5X RAM,Windows 11,1.0,1.0
HP Envy 13 AMD Ryzen 7 Octa Core 5800U - (16 GB/512 GB SSD/Windows 11 Home) x360-ay1064au 2 in 1 Lapto...,HP,82990.0,4.2,281.5,24.0,AMD Ryzen 7 Octa Core Processor,16 GB DDR4 RAM,64 bit Windows 11,512.0,1.0
Lenovo ThinkPad E14 Intel Intel Core i5 12th Gen 1235U - (16 GB/1 TB SSD/Windows 11 Home) TP E14 Gen 4...,Lenovo,117932.0,3.8,24.0,2.0,Intel Core i5 Processor (12th Gen),16 GB DDR4 RAM,Windows 11,1.0,1.0
Lenovo V 14 (2025) Intel Core i3 13th Gen 1315U - (24 GB/512 GB SSD/Windows 11 Pro) V14 Thin and Light...,Lenovo,37490.0,4.8,5.0,0.0,Intel Core i3 Processor (13th Gen),24 GB DDR4 RAM,"Microsoft Office 2021, Windows 11 Pro",512.0,1.0
Lenovo LOQ AI Powered AMD Ryzen 7 Octa Core 7840HS - (16 GB/512 GB SSD/Windows 11 Home/6 GB Graphics/N...,Lenovo,109990.0,4.0,258.0,33.0,AMD Ryzen 7 Octa Core Processor,16 GB DDR5 RAM,Windows 11,512.0,1.0
MSI Pulse 16 AI PC Intel Core Ultra 7 155H - (16 GB/1 TB SSD/Windows 11 Home/8 GB Graphics/NVIDIA GeFo...,MSI,142990.0,4.8,5.0,0.0,Intel Core Ultra 7 Processor,16 GB DDR5 RAM,Windows 11,1.0,2.0
Infinix X Air Pro+ Intel Core i5 13th Gen 1334U - (16 GB/512 GB SSD/Windows 11 Home) XL434 Thin and Li...,Infinix,69990.0,4.4,134.0,15.0,Intel Core i5 Processor (13th Gen),16 GB LPDDR4X RAM,64 bit Windows 11,512.0,1.0
ASUS Intel Core Ultra 7 14th Gen - (16 GB/1 TB SSD/Windows 11 Home) UX3405MA-PZ751WS Laptop,ASUS,119990.0,4.2,281.5,24.0,Intel Core Ultra 7 Processor (14th Gen),16 GB LPDDR5X RAM,Windows 11 Home,1.0,1.0
"ASUS Vivobook S14 (2025) with Office 2024 + M365 Basic*, AI PC, Backlit Keyboard, Intel Core Ultra 5 2...",ASUS,77999.0,4.4,39.0,4.0,Intel Core Ultra 5 Processor,16 GB DDR5 RAM,Windows 11 Home,512.0,1.0
DELL Inspiron 14 Plus 7440 Intel Core Ultra 7 155H - (16 GB/1 TB SSD/Windows 11 Home) INSPIRON 14 PLUS...,DELL,110000.0,2.3,3.0,1.0,Intel Core Ultra 7 Processor,16 GB LPDDR5X RAM,64 bit Windows 11 Home,1.0,1.0
Lenovo IdeaPad Slim 3 Backlit Keyboard with MSO'2024 Intel Core 5 210H - (16 GB/512 GB SSD/Windows 11 ...,Lenovo,58990.0,4.8,9.0,0.0,Intel Core 5 Processor,16 GB DDR5 RAM,Windows 11 Home,512.0,1.0
Lenovo Workstation P15v Intel Core i7 12th Gen 12800H - (16 GB/1 TB SSD/Windows 11 Pro/4 GB Graphics) ...,Lenovo,170899.0,4.2,281.5,24.0,Intel Core i7 Processor (12th Gen),16 GB DDR5 RAM,Windows 11,1.0,3.0
Acer Professional Intel Core i7 13th Gen 1355U with 3year Warranty - (32 GB/1 TB SSD/Windows 11 Pro) T...,Acer,73490.0,3.6,5.0,1.0,Intel Core i7 Processor (13th Gen),32 GB DDR4 RAM,64 bit Windows 11,1.0,3.0
CHUWI Intel Core i3 12th Gen 1220P - (8 GB/512 GB SSD/Windows 11 Home) Corebook X i3 Laptop,CHUWI,31990.0,3.7,85.0,16.0,Intel Core i3 Processor (12th Gen),8 GB DDR4 RAM,"WPS Office,  Software",512.0,1.0
MSI Modern 14 Intel Core i3 12th Gen 1215U - (8 GB/512 GB SSD/Windows 11 Home) Modern 14 C12MO Thin an...,MSI,45945.0,4.4,1518.0,163.0,Intel Core i3 Processor (12th Gen),8 GB DDR4 RAM,Windows 11,512.0,1.0
Lenovo IdeaPad Slim 3 Intel Core i3 12th Gen - (8 GB/512 GB SSD/Windows 11 Home) 82RK00VWIN Thin and L...,Lenovo,38499.0,4.2,281.5,24.0,Intel Core i3 Processor (12th Gen),8 GB DDR4 RAM,Windows 11,512.0,1.0
ZEBRONICS Pro Series Z Intel Core i7 12th Gen 1255U - (16 GB/512 GB SSD/Windows 11 Home) ZEB-NBC 5S Th...,ZEBRONICS,40990.0,4.0,254.0,17.0,Intel Core i7 Processor (12th Gen),16 GB DDR4 RAM,Windows 11,512.0,1.0
Apple MacBook Air M3 - (16 GB/512 GB SSD/macOS Sonoma) MXCT3HN/A,Apple,134900.0,4.7,462.0,24.0,Apple M3 Processor,16 GB Unified Memory RAM,Mac OS,512.0,1.0
DELL Intel Core i5 13th Gen - (16 GB/512 GB SSD/Windows 11 Home) 5430 Thin and Light Laptop,DELL,66490.0,4.2,281.5,24.0,Intel Core i5 Processor (13th Gen),16 GB DDR5 RAM,Windows 11,512.0,1.0
Acer Swift X Intel Core i7 11th Gen 11390H - (16 GB/1 TB SSD/Windows 11 Home/4 GB Graphics/NVIDIA GeFo...,Acer,134999.0,4.2,281.5,24.0,Intel Core i7 Processor (11th Gen),16 GB LPDDR4X RAM,Windows 11,1.0,1.0
Samsung Galaxy Book3 Intel Core i5 13th Gen 1335U - (8 GB/512 GB SSD/Windows 11 Home) NP750XFG-KB1IN T...,Samsung,48574.0,4.3,1000.0,124.0,Intel Core i5 Processor (13th Gen),8 GB LPDDR4X RAM,Windows 11,512.0,1.0
DELL Intel Core i5 12th Gen 1235U - (8 GB/512 GB SSD/Windows 11 Home) New Inspiron 15 Laptop Thin and ...,DELL,46790.0,4.1,686.0,45.0,Intel Core i5 Processor (12th Gen),8 GB DDR4 RAM,64 bit Windows 11,512.0,1.0
DELL Inspiron 7440 Intel Core 3 100U - (8 GB/512 GB SSD/Windows 11 Home) Inspiron 7440 2-in-1 2 in 1 L...,DELL,61990.0,4.2,281.5,24.0,Intel Core 3 Processor,8 GB DDR5 RAM,Windows 11,512.0,1.0
Lenovo LOQ Intel Core i5 12th Gen 12450H - (16 GB/512 GB SSD/Windows 11 Home/8 GB Graphics/NVIDIA GeFo...,Lenovo,82990.0,4.3,333.0,40.0,Intel Core i5 Processor (12th Gen),16 GB DDR5 RAM,Windows 11,512.0,1.0
Apple M3 - (16 GB/256 GB SSD/macOS Sequoia) MC8H4HN/A,Apple,107299.0,4.6,630.0,41.0,Apple M3 Processor,16 GB Unified Memory RAM,Mac OS,256.0,1.0
MSI Pulse GL66 Intel Core i7 11th Gen 11800H - (16 GB/1 TB SSD/Windows 10 Home/6 GB Graphics/NVIDIA Ge...,MSI,122799.0,4.5,182.0,31.0,Intel Core i7 Processor (11th Gen),16 GB DDR4 RAM,64 bit Windows 10,1.0,2.0
MSI Prestige 16 Intel Core i7 13th Gen 13700H - (16 GB/1 TB SSD/Windows 11 Home/4 GB Graphics) Prestig...,MSI,147199.0,4.2,281.5,24.0,Intel Core i7 Processor (13th Gen),16 GB LPDDR5 RAM,Windows 11,1.0,2.0
Lenovo LOQ Intel Core i7 13th Gen 13620H - (16 GB/512 GB SSD/Windows 11 Home/6 GB Graphics/NVIDIA GeFo...,Lenovo,102990.0,4.2,360.0,29.0,Intel Core i7 Processor (13th Gen),16 GB DDR5 RAM,Windows 11,512.0,1.0
MICROSOFT 12'' with Type Cover Core 8 Qualcomm Snapdragon X Plus - (16 GB/512 GB SSD/Windows 11 Home) ...,MICROSOFT,98990.0,4.2,281.5,24.0,Qualcomm Snapdragon X Plus Processor,16 GB LPDDR5X RAM,64 bit Windows 11 Home,512.0,1.0
Apple M3 - (24 GB/512 GB SSD/macOS Sequoia) MC8N4HN/A,Apple,144699.0,4.2,281.5,24.0,Apple M3 Processor,24 GB Unified Memory RAM,Mac OS,512.0,1.0
DELL 5400 Intel Core i5 8th Gen - (8 GB/256 GB SSD/Windows 10) 5400 I5 8TH NON TOUCH REFURB Laptop,DELL,24957.0,2.0,5.0,0.0,Intel Core i5 Processor (8th Gen),8 GB DDR4 RAM,64 bit Windows 10,256.0,1.0
"Anweshas Full Panel Laptop Skins Upto 15.6 inch - No Residue, Bubble Free - Removable HD Quality Print...",Anweshas,222.0,3.5,86.0,5.0,Intel Core i5 Processor (13th Gen),16 GB DDR4 RAM,Windows 11,512.0,1.0
"Anweshas Full Panel Laptop Skins Upto 15.6 inch - No Residue, Bubble Free - Removable HD Quality Print...",Anweshas,247.0,3.9,231.0,16.0,Intel Core i5 Processor (13th Gen),16 GB DDR4 RAM,Windows 11,512.0,1.0
"Anweshas New Haters Pink Full Panel Laptop Skins Upto 15.6 inch - No Residue, Bubble Free - Removable ...",Anweshas,219.0,4.2,281.5,24.0,Intel Core i5 Processor (13th Gen),16 GB DDR4 RAM,Windows 11,512.0,1.0
Finest Card Red Blue Effect Vinyl Laptop Skin Compatible for 15.6 inch,Finest,201.0,4.5,6.0,1.0,Intel Core i5 Processor (13th Gen),16 GB DDR4 RAM,Windows 11,512.0,1.0
"Anweshas Full Panel Laptop Skins Upto 15.6 inch - No Residue, Bubble Free - Removable HD Quality Print...",Anweshas,222.0,3.3,11.0,1.0,Intel Core i5 Processor (13th Gen),16 GB DDR4 RAM,Windows 11,512.0,1.0
Galaxsia Work Like A Captain Quote D1 Laptop Skin vinyl Laptop Skin Compatible for 15.6 inch,Galaxsia,181.0,4.2,281.5,24.0,Intel Core i5 Processor (13th Gen),16 GB DDR4 RAM,Windows 11,512.0,1.0
KALARKARI Laptop Skin Buddha (yellow) Premium viny Laptop Skin/Sticker for laptops Vinyl Laptop Skin C...,KALARKARI,245.0,4.2,281.5,24.0,Intel Core i5 Processor (13th Gen),16 GB DDR4 RAM,Windows 11,512.0,1.0
DWELLSINDIA Doodle art Art Skin for Laptops Upto 15.6 Inch (HD Quality) Vinyl Reusable Laptop Skin Com...,DWELLSINDIA,250.0,4.2,281.5,24.0,Intel Core i5 Processor (13th Gen),16 GB DDR4 RAM,Windows 11,512.0,1.0
"SellZone 100-14IBY Internal Laptop-size Laptop Keyboard Compatible with Desktop, Laptop, Mac",SellZone,2238.0,4.2,281.5,24.0,Intel Core i5 Processor (13th Gen),16 GB DDR4 RAM,Windows 11,512.0,1.0
1Goal USB 3.0 to Ethernet Adapter 3-Port USB 3.0 Hub with RJ45 USB 3.0 to 10/100 Wired LAN Network Ada...,1Goal,732.0,4.2,281.5,24.0,Intel Core i5 Processor (13th Gen),16 GB DDR4 RAM,Windows 11,512.0,1.0
Anweshas Full Body Laptop Skin Sticker - Geometric Abstract Vector Self Adhesive Vinyl Reusable Laptop...,Anweshas,219.0,4.2,281.5,24.0,Intel Core i5 Processor (13th Gen),16 GB DDR4 RAM,Windows 11,512.0,1.0
"UNIXAA Vinyl Laptop Skin Sticker 4IN1 Combo With Screen Guard, Key Guard & Case - 8017 Combo Set",UNIXAA,530.0,4.2,281.5,24.0,Intel Core i5 Processor (13th Gen),16 GB DDR4 RAM,Windows 11,512.0,1.0
Anweshas Full Body Laptop Skin Sticker - Bar Hacker No Body Quotes Self Adhesive Vinyl Reusable Laptop...,Anweshas,215.0,3.8,35.0,4.0,Intel Core i5 Processor (13th Gen),16 GB DDR4 RAM,Windows 11,512.0,1.0
"Vishanrahul MiraeTech 6 Angles Aluminum Tabletop Riser Stand for MacBook, HP, Dell, Lenovo, Notebook A...",Vishanrahul,299.0,4.2,281.5,24.0,Intel Core i5 Processor (13th Gen),16 GB DDR4 RAM,Windows 11,512.0,1.0
Lenovo Yoga 9 4K OLED Intel Evo Intel Core i7 13th Gen 1360P - (16 GB/1 TB SSD/Windows 11 Home) 14IRP8...,Lenovo,124890.0,4.2,281.5,24.0,Intel Core i7 Processor (13th Gen),16 GB LPDDR5 RAM,Windows 11,1.0,3.0
Samsung Galaxy Book4 360 Evo Intel Core 5 120U - (16 GB/512 GB SSD/Windows 11 Home) NP750QGK-KG1IN / N...,Samsung,111699.0,4.4,43.0,3.0,Intel Core 5 Processor,16 GB LPDDR5 RAM,64 bit Windows 11,512.0,1.0
MICROSOFT Surface Pro (11th Edition) AI PC Snapdragon X Plus - (16 GB/512 GB SSD/Windows 11 Home) ZHY-...,MICROSOFT,126999.0,4.2,281.5,24.0,Snapdragon X Plus Processor,16 GB LPDDR5X RAM,Windows 11,512.0,1.0
Apple MacBook Pro M4 Max - (36 GB/1 TB SSD/macOS Sequoia) MX2K3HN/A,Apple,319900.0,4.8,4.0,0.0,Apple M4 Max Processor,36 GB Unified Memory RAM,Mac OS,1.0,1.0
Infinix Y1 Plus Neo Intel Celeron Quad Core 11th Gen N5100 - (4 GB/128 GB SSD/Windows 11 Home) XL30 Th...,Infinix,29990.0,3.9,1605.0,174.0,Intel Celeron Quad Core Processor (11th Gen),4 GB LPDDR4X RAM,Windows 11,128.0,1.0
MSI Prestige 16 Studio AI PC Intel Core Ultra 7 155H - (32 GB/1 TB SSD/Windows 11 Home/8 GB Graphics) ...,MSI,149990.0,4.2,281.5,24.0,Intel Core Ultra 7 Processor,32 GB LPDDR5 RAM,Windows 11,1.0,2.0
Colorful Evol P-15 Intel Core i5 12th Gen 12450H - (16 GB/512 GB SSD/Windows 11 Home/4 GB Graphics/NVI...,Colorful,99999.0,4.5,129.0,30.0,Intel Core i5 Processor (12th Gen),16 GB DDR5 RAM,Windows 11,512.0,2.0
ASUS Intel Core 5 1st Gen - (16 GB/512 GB SSD/Windows 11 Home) X1404VAP-EB541WS Laptop,ASUS,51715.0,4.2,281.5,24.0,Intel Core 5 Processor (1st Gen),16 GB DDR4 RAM,Windows 11 Home,512.0,1.0
Lenovo LOQ Intel Core i5 12th Gen 12450H - (16 GB/512 GB SSD/Windows 11 Home/6 GB Graphics/NVIDIA GeFo...,Lenovo,97999.0,4.3,333.0,40.0,Intel Core i5 Processor (12th Gen),16 GB DDR5 RAM,Windows 11,512.0,1.0
Lenovo IdeaPad Slim 5 Intel Core i5 11th Gen 1135G7 - (16 GB/512 GB SSD/Windows 11 Home) IdeaPad 5 15I...,Lenovo,59490.0,4.3,149.0,17.0,Intel Core i5 Processor (11th Gen),16 GB DDR4 RAM,64 bit Windows 11,512.0,1.0
Acer Predator Helios 16 Intel Core i9 14th Gen 14900HX - (16 GB/1 TB SSD/Windows 11 Home/8 GB Graphics...,Acer,162399.0,4.5,33.0,0.0,Intel Core i9 Processor (14th Gen),16 GB DDR5 RAM,Windows 11,1.0,1.0
HP Intel Core i5 13th Gen 1334U - (16 GB/512 GB SSD/Windows 11 Home) 15-fd0221TU Thin and Light Laptop,HP,51890.0,4.1,256.0,15.0,Intel Core i5 Processor (13th Gen),16 GB DDR4 RAM,Windows 11,512.0,1.0
Lenovo LOQ Intel Core i5 12th Gen 12450H - (16 GB/512 GB SSD/Windows 11 Home/4 GB Graphics/NVIDIA GeFo...,Lenovo,84990.0,4.2,948.0,114.0,Intel Core i5 Processor (12th Gen),16 GB DDR5 RAM,Windows 11,512.0,1.0
ASUS ROG Strix Scar 16 Intel Core i9 14th Gen 14900HX - (32 GB/2 TB SSD/Windows 11 Home/12 GB Graphics...,ASUS,271990.0,4.2,281.5,24.0,Intel Core i9 Processor (14th Gen),32 GB DDR5 RAM,Windows 11,2.0,1.0
HP 15s Intel Core i5 11th Gen - (8 GB + 32 GB Optane/512 GB SSD/Windows 10 Home) 15s-FQ2071TU Thin and...,HP,48199.0,4.2,281.5,24.0,Intel Core i5 Processor (11th Gen),8 GB DDR4 RAM,64 bit Windows 10,512.0,1.0
"ASUS Vivobook 15 (2025) with Office 2024 + M365 Basic*, Intel Core i3 13th Gen 1315U - (8 GB/512 GB SS...",ASUS,34990.0,4.2,281.5,24.0,Intel Core i3 Processor (13th Gen),8 GB DDR4 RAM,Windows 11 Home,512.0,1.0
HP 15 Intel Core 3 100U - (8 GB/512 GB SSD/Windows 11 Home) 15-fd1253TU/ 15-fd1225TU Thin and Light La...,HP,36990.0,4.2,281.5,24.0,Intel Core 3 Processor,8 GB DDR4 RAM,Windows 11 Home,512.0,1.0
MSI Katana 15 HX Intel Core i9 14th Gen 14900HX - (32 GB/1 TB SSD/Windows 11 Home/8 GB Graphics/NVIDIA...,MSI,142990.0,4.2,281.5,24.0,Intel Core i9 Processor (14th Gen),32 GB DDR5 RAM,64 bit Windows 11,1.0,2.0
ASUS Intel Core i5 13th Gen 1335U - (16 GB/512 GB SSD/Windows 11 Pro) B3404CVAB-Q50884X Thin and Light...,ASUS,48990.0,4.2,281.5,24.0,Intel Core i5 Processor (13th Gen),16 GB DDR5 RAM,Windows 11,512.0,1.0
Acer Aspire 3 (2025) Intel Core i3 13th Gen 1305U - (8 GB/512 GB SSD/Windows 11 Home) A325-53 Thin and...,Acer,31990.0,4.2,281.5,24.0,Intel Core i3 Processor (13th Gen),8 GB DDR4 RAM,Windows 11,512.0,1.0
Lenovo IdeaPad Slim 5 Intel Core i5 12th Gen Integrated Intel Iris Xe Graphics - (16 GB/512 GB SSD/Win...,Lenovo,64340.0,4.2,281.5,24.0,Intel Core i5 Processor (12th Gen),16 GB DDR4 RAM,64 bit Windows 11,512.0,1.0
ASUS Vivobook Go 15 AMD Ryzen 3 Quad Core 7320U - (8 GB/512 GB SSD/Windows 11 Home) E1504FA-NJ130WS | ...,ASUS,30990.0,4.2,281.5,24.0,AMD Ryzen 3 Quad Core Processor,8 GB LPDDR5 RAM,Windows 11 Home,512.0,1.0
MOTOROLA Motobook 60 Full Metal OLED (i5 14th Gen) Intel Core 5 (Series 2) 210H - (16 GB/512 GB SSD/Wi...,MOTOROLA,54990.0,4.2,281.5,24.0,Intel Core 5 (Series 2) Processor,16 GB DDR5 RAM,64 bit Windows 11,512.0,1.0
Acer Swift 14 AI Intel Core Ultra 5 - (16 GB/512 GB SSD/Windows 11 Home) SF14-51 Thin and Light Laptop,Acer,89990.0,4.2,281.5,24.0,Intel Core Ultra 5 Processor,16 GB LPDDR5X RAM,Windows 11,512.0,1.0
MSI Katana GF66 Intel Core i7 12th Gen 12650H - (8 GB/512 GB SSD/Windows 11 Home/4 GB Graphics/NVIDIA ...,MSI,84399.0,4.2,281.5,24.0,Intel Core i7 Processor (12th Gen),8 GB DDR4 RAM,Windows 11,512.0,2.0
DELL Inspiron 15 MSO'24 with Backlit KB Intel Core i7 13th Gen 1355U - (16 GB/512 GB SSD/Windows 11 Ho...,DELL,66990.0,4.2,281.5,24.0,Intel Core i7 Processor (13th Gen),16 GB DDR4 RAM,Windows 11,512.0,1.0
"ASUS Vivobook 15 (2025) (i5 14th Gen) with MSO 2024 + M365 Basic*, Backlit Keyboard, Intel Core 5 120U...",ASUS,49990.0,4.2,281.5,24.0,Intel Core 5 Processor,16 GB DDR4 RAM,Windows 11 Home,512.0,1.0
Lenovo Intel Core i5 13th Gen - (24 GB/512 GB SSD/Windows 11 Home/NVIDIA GeForce RTX RTX 3050 6GB) 83D...,Lenovo,94990.0,4.2,281.5,24.0,Intel Core i5 Processor (13th Gen),24 GB DDR5 RAM,Windows 11 Home,512.0,1.0
MSI Raider A18 HX AMD Ryzen 9 16 Core 7th Gen 7945HX - (32 GB/1 TB SSD/Windows 11 Pro/12 GB Graphics/N...,MSI,269990.0,4.2,281.5,24.0,AMD Ryzen 9 16 Core Processor (7th Gen),32 GB DDR5 RAM,Windows 11,1.0,2.0
MSI Crosshair 16 HX AI Intel Core Ultra 9 275HX - (16 GB/1 TB SSD/Windows 11 Home/8 GB Graphics/NVIDIA...,MSI,205990.0,4.2,281.5,24.0,Intel Core Ultra 9 Processor,16 GB DDR5 RAM,64 bit Windows 11,1.0,2.0
ASUS Zenbook 14 OLED Intel EVO P Series Intel Core i5 12th Gen 1240P - (16 GB/512 GB SSD/Windows 11 Ho...,ASUS,104899.0,4.2,281.5,24.0,Intel Core i5 Processor (12th Gen),16 GB LPDDR5 RAM,Windows 11,512.0,1.0
ASUS Chromebook CX1 Intel Celeron Dual Core N4500 - (8 GB/64 GB EMMC Storage/Chrome OS) CX1500CKA-NJ04...,ASUS,14999.0,4.2,281.5,24.0,Intel Celeron Dual Core Processor,8 GB LPDDR4X RAM,Chrome,512.0,1.0
Lenovo IdeaPad Slim 1 AMD Ryzen 5 Hexa Core 5500U - (8 GB/512 GB SSD/Windows 11 Home) 15ACL6 | 15ALC7 ...,Lenovo,33990.0,4.2,281.5,24.0,AMD Ryzen 5 Hexa Core Processor,8 GB DDR4 RAM,64 bit Windows 11,512.0,1.0
HP 15 (2025) Intel Core i3 12th Gen 1215U - (16 GB/512 GB SSD/Windows 11 Home) 15 Thin and Light Lapto...,HP,38490.0,4.2,281.5,24.0,Intel Core i3 Processor (12th Gen),16 GB DDR4 RAM,"Microsoft Office 2021, Windows 11 Home",512.0,1.0
MSI Vector GP68HX Intel Core i9 13th Gen 13980HX - (32 GB/1 TB SSD/Windows 11 Home/12 GB Graphics/NVID...,MSI,249990.0,4.2,281.5,24.0,Intel Core i9 Processor (13th Gen),32 GB DDR5 RAM,Windows 11,1.0,2.0
Lenovo IdeaPad Slim 3 Intel Core i5 12th Gen 12450H - (16 GB/512 GB SSD/Windows 11 Home) 83ER00KSIN Th...,Lenovo,45490.0,4.2,281.5,24.0,Intel Core i5 Processor (12th Gen),16 GB DDR4 RAM,Windows 11 Home,512.0,1.0
"ASUS Vivobook 14 (2025) with Office 2024 + M365 Basic*, Backlit Keyboard, Intel Core i3 13th Gen 1315U...",ASUS,39990.0,4.2,281.5,24.0,Intel Core i3 Processor (13th Gen),8 GB DDR4 RAM,Windows 11 Home,512.0,1.0
MSI Vector 16 HX Intel Core i7 14th Gen 14700HX - (32 GB/1 TB SSD/Windows 11 Home/8 GB Graphics/NVIDIA...,MSI,191990.0,4.2,281.5,24.0,Intel Core i7 Processor (14th Gen),32 GB DDR5 RAM,Windows 11,1.0,2.0
Anweshas Abstract Series 1075 Vinyl Laptop Skin Compatible for 15.6 inch,Anweshas,201.0,3.8,58.0,4.0,Intel Core i5 Processor (13th Gen),16 GB DDR4 RAM,Windows 11,512.0,1.0
HP 14s Intel Core i3 12th Gen 1215U - (8 GB/512 GB SSD/Windows 11 Home) 14s - dy5008TU Thin and Light ...,HP,36990.0,3.7,94.0,4.0,Intel Core i3 Processor (12th Gen),8 GB DDR4 RAM,64 bit Windows 11,512.0,1.0
HP OMEN Intel Core i5 13th Gen 13420H - (16 GB/512 GB SSD/Windows 11 Home/6 GB Graphics/NVIDIA GeForce...,HP,110800.0,4.2,281.5,24.0,Intel Core i5 Processor (13th Gen),16 GB DDR5 RAM,Windows 11,512.0,1.0
HP OMEN Intel Core i7 13th Gen 13700HX - (16 GB/512 GB SSD/Windows 11 Home/6 GB Graphics/NVIDIA GeForc...,HP,176108.0,4.2,281.5,24.0,Intel Core i7 Processor (13th Gen),16 GB DDR5 RAM,Windows 11,512.0,1.0
HP OMEN Intel Core i7 13th Gen 13700HX - (16 GB/512 GB SSD/Windows 11 Home/8 GB Graphics/NVIDIA GeForc...,HP,176108.0,4.2,281.5,24.0,Intel Core i7 Processor (13th Gen),16 GB DDR5 RAM,Windows 11,512.0,1.0
HP Envy x360 AMD Ryzen 7 Octa Core 7730U - (16 GB/512 GB SSD/Windows 11 Home) 15-fh0019AU Laptop,HP,87199.0,3.8,6.0,3.0,AMD Ryzen 7 Octa Core Processor,16 GB LPDDR4X RAM,Windows 11,512.0,1.0
Lonaar Vinyl Laptop Decal Skin StickeSkin - FoSkin - All 15.6 Inch LaptopSkin - 2411 Vinyl Laptop Skin...,Lonaar,207.0,4.2,281.5,24.0,Intel Core i5 Processor (13th Gen),16 GB DDR4 RAM,Windows 11,512.0,1.0
Samsung Galaxy Book5 Pro AI PC Full Metal Chasis Intel Core Ultra 5 226V - (16 GB/512 GB SSD/Windows 1...,Samsung,128199.0,4.3,6.0,2.0,Intel Core Ultra 5 Processor,16 GB LPDDR5X RAM,Windows 11,512.0,1.0
SCOTLON _All Panel_Astrophysics_ Vinyl Laptop Skin Compatible for 15.5 inch,SCOTLON,248.0,4.2,281.5,24.0,Intel Core i5 Processor (13th Gen),16 GB DDR4 RAM,Windows 11,512.0,1.0
BRITISH TERMINAL llap5116 Vinyl Laptop Skin Compatible for 15.6 inch,BRITISH,229.0,4.2,281.5,24.0,Intel Core i5 Processor (13th Gen),16 GB DDR4 RAM,Windows 11,512.0,1.0
Lonaar Vinyl Laptop Decal Skin For Bubble Free Installation All 15.6 Inch Laptop - 2465 Vinyl Laptop S...,Lonaar,207.0,4.2,281.5,24.0,Intel Core i5 Processor (13th Gen),16 GB DDR4 RAM,Windows 11,512.0,1.0
DELL 14 Qualcomm Snapdragon X Plus - (16 GB/512 GB SSD/Windows 11 Home) OINS441100101RING10 Thin and L...,DELL,82490.0,4.2,281.5,24.0,Qualcomm Snapdragon X Plus Processor,16 GB LPDDR5 RAM,Windows 11,512.0,1.0
qth GRAPHICS LAP-5386 VINYL Reusable Laptop Skin Compatible for 15.6 inch,qth,144.0,4.2,281.5,24.0,Intel Core i5 Processor (13th Gen),16 GB DDR4 RAM,Windows 11,512.0,1.0
BRITISH TERMINAL Laptop Skin Fully Waterproof Vinyl All Models (12X16inch) lap5224 Vinyl Laptop Skin C...,BRITISH,236.0,4.2,281.5,24.0,Intel Core i5 Processor (13th Gen),16 GB DDR4 RAM,Windows 11,512.0,1.0
qth GRAPHICS LAP-5125 VINYL Reusable Laptop Skin Compatible for 15.6 inch,qth,144.0,4.2,281.5,24.0,Intel Core i5 Processor (13th Gen),16 GB DDR4 RAM,Windows 11,512.0,1.0
Gripp Silicone Keyboard Skin Thickness! (Only 0.08mm) for Apple MacBook Pro 13 inch (M2-2022) (M1-2020...,Gripp,890.0,4.2,281.5,24.0,Intel Core i5 Processor (13th Gen),16 GB DDR4 RAM,Windows 11,512.0,1.0
"Regatech 14-FQ1011LA, 14-FQ1012LA, 14-FQ1020CA, 14-FQ1021NR Internal Laptop-size Laptop Keyboard Compa...",Regatech,999.0,4.2,281.5,24.0,Intel Core i5 Processor (13th Gen),16 GB DDR4 RAM,Windows 11,512.0,1.0
"Regatech CQ57-413SR, CQ57-413TU, CQ57-414TU Internal Laptop-size Laptop Keyboard Compatible with Deskt...",Regatech,799.0,4.2,281.5,24.0,Intel Core i5 Processor (13th Gen),16 GB DDR4 RAM,Windows 11,512.0,1.0
"BESTYLISH Core i7-9700 [12M Cache, Up to 4.70 GHz]/32GB RAM/1024GB SSD ELITEDESK [FYH] - Windows 11 Pr...",BESTYLISH,49998.0,4.2,281.5,24.0,Intel Core i5 Processor (13th Gen),RAM: 32 GB,Windows 11 Pro,512.0,1.0
"i-Birds ® cartoond Exclusive High Quality Laptop Decal, laptop skin sticker 15.6 inch (15 x 10) Inch i...",i-Birds,249.0,4.2,281.5,24.0,Intel Core i5 Processor (13th Gen),16 GB DDR4 RAM,Windows 11,512.0,1.0
Vishanrahul Laptop Stand 7 Angles Adjustable Aluminum Portable Desktop Holder Aluminium Desk Stand Lap...,Vishanrahul,299.0,4.2,281.5,24.0,Intel Core i5 Processor (13th Gen),16 GB DDR4 RAM,Windows 11,512.0,1.0
"BESTYLISH EliteDesk Core i7-9700 [12M Cache, 3.00 GHz]/32GB RAM/1TB SSD [FHP] - Windows 11 Pro, Intel ...",BESTYLISH,49998.0,4.2,281.5,24.0,Intel Core i5 Processor (13th Gen),RAM: 32 GB,Windows 11 Pro,512.0,1.0
"Regatech X52F-EX894V, X52J, X52JR, X53, X53B, X53E-SX082V Internal Laptop-size Laptop Keyboard Compati...",Regatech,705.0,4.5,2.0,1.0,Intel Core i5 Processor (13th Gen),16 GB DDR4 RAM,Windows 11,512.0,1.0
WALLTON Full Laptops Skin Bubble-Free HD Quality Sticker Back - 40 Printing Vinyl Reusable Laptop Skin...,WALLTON,200.0,4.2,281.5,24.0,Intel Core i5 Processor (13th Gen),16 GB DDR4 RAM,Windows 11,512.0,1.0
"BESTYLISH ELITEDESK Core i7 (9th Gen) [12M Cache, 3.00 GHz]/32GB RAM/1TB SSD [EYE] - Windows 11 Pro, I...",BESTYLISH,49998.0,4.2,281.5,24.0,Intel Core i5 Processor (13th Gen),RAM: 32 GB,Windows 11 Pro,512.0,1.0
Vishanrahul Laptop stand Mini Premium Metal Portable Laptop Stand Non-Slip Base Tabletop Riser 10-17 I...,Vishanrahul,299.0,4.2,281.5,24.0,Intel Core i5 Processor (13th Gen),16 GB DDR4 RAM,Windows 11,512.0,1.0
"BESTYLISH Intel Core i7-9700 [12M Cache, 3.00 GHz]/32GB RAM/1024GB SSD ELITEDESK [FYN] - Windows 11 Pr...",BESTYLISH,49998.0,4.2,281.5,24.0,Intel Core i5 Processor (13th Gen),RAM: 32 GB,Windows 11 Pro,512.0,1.0
"Regatech 15-D034DX, 15-D034TU, 15-D035DX, 15-D036DX Internal Laptop-size Laptop Keyboard Compatible wi...",Regatech,999.0,4.2,281.5,24.0,Intel Core i5 Processor (13th Gen),16 GB DDR4 RAM,Windows 11,512.0,1.0
"Regatech 14S-CF3068TU, 14S-CF3069TU, 14S-CF3070TU, 14S-CF30712U Internal Laptop-size Laptop Keyboard C...",Regatech,999.0,4.2,281.5,24.0,Intel Core i5 Processor (13th Gen),16 GB DDR4 RAM,Windows 11,512.0,1.0
HP 15 G10 (2025) AMD Athlon Dual Core 7120U - (8 GB/256 GB SSD/Windows 11 Home) 15 G10 Thin and Light ...,HP,27250.0,3.9,283.0,26.0,AMD Athlon Dual Core Processor,8 GB DDR4 RAM,"Microsoft Office 2021, Windows 11 Home",256.0,1.0
ASUS TUF Gaming A15 AMD Ryzen 7 Octa Core 7435HS - (8 GB/512 GB SSD/Windows 11 Home/4 GB Graphics/NVID...,ASUS,54990.0,4.3,1806.0,129.0,AMD Ryzen 7 Octa Core Processor,8 GB DDR5 RAM,Windows 11 Home,512.0,1.0
Lenovo Idea Pad Slim 3 Intel Core i7 13th Gen 13620H - (16 GB/512 GB SSD/Windows 11 Home) 83K100C9IN T...,Lenovo,65990.0,3.8,10.0,0.0,Intel Core i7 Processor (13th Gen),16 GB DDR5 RAM,Windows 11 Home,512.0,1.0
HP 15 G9 (2025) AMD Ryzen 3 Dual Core 3250U - (16 GB/512 GB SSD/Windows 11 Pro) 15 G9 Thin and Light L...,HP,33990.0,4.0,214.0,13.0,AMD Ryzen 3 Dual Core Processor,16 GB DDR4 RAM,"Microsoft Office 2021, Windows 11 Pro",512.0,1.0
"ASUS Vivobook 16X (2025) for Creator with Office 2024 + M365 Basic, Intel Core i5 13th Gen 13420H - (1...",ASUS,65590.0,4.2,1292.0,78.0,Intel Core i5 Processor (13th Gen),16 GB DDR4 RAM,Windows 11 Home,512.0,1.0
Apple MacBook Air M4 - (24 GB/512 GB SSD/macOS Sequoia) MC6A4HN/A,Apple,130699.0,5.0,7.0,1.0,Apple M4 Processor,24 GB Unified Memory RAM,Mac OS,512.0,1.0
HP Victus Intel Core i5 12th Gen - (16 GB/512 GB SSD/Windows 11 Home/4 GB Graphics/NVIDIA GeForce RTX ...,HP,58599.0,4.3,3104.0,161.0,Intel Core i5 Processor (12th Gen),16 GB DDR4 RAM,Windows 11,512.0,1.0
HP Chromebook Intel Celeron Dual Core N4120 - (4 GB/64 GB EMMC Storage/Chrome OS) 14a-ca0506TU Chromeb...,HP,23190.0,3.9,2031.0,164.0,Intel Celeron Dual Core Processor,4 GB LPDDR4 RAM,64 bit Chrome,512.0,1.0
HP MS Office 2024 Intel Core i3 13th Gen 1315U - (8 GB/512 GB SSD/Windows 11 Home) fd0465TU Thin and L...,HP,35990.0,4.1,45.0,4.0,Intel Core i3 Processor (13th Gen),8 GB DDR4 RAM,Windows 11 Home,512.0,1.0
"ASUS Vivobook S14 (2025) with Office 2024 + M365 Basic*, Backlit Keyboard, Intel Core i7 13th Gen 1362...",ASUS,66990.0,4.4,126.0,5.0,Intel Core i7 Processor (13th Gen),16 GB DDR5 RAM,Windows 11 Home,512.0,1.0
Colorful Evol P15 Intel Core i7 13th Gen 13620H - (16 GB/512 GB SSD/Windows 11 Home/8 GB Graphics/NVID...,Colorful,90199.0,4.2,89.0,14.0,Intel Core i7 Processor (13th Gen),16 GB DDR5 RAM,Windows 11,512.0,2.0
DELL 15 Intel Core i3 13th Gen 1305U - (16 GB/512 GB SSD/Windows 11 Home) OVN353025001RINB1O Thin and ...,DELL,42900.0,4.2,389.0,30.0,Intel Core i3 Processor (13th Gen),16 GB DDR4 RAM,Windows 11 Home,512.0,1.0
HP 15 (2025) Intel Core i3 13th Gen 1315U - (16 GB/512 GB SSD/Windows 11 Home) 15 Thin and Light Lapto...,HP,36990.0,4.0,75.0,6.0,Intel Core i3 Processor (13th Gen),16 GB DDR4 RAM,"Microsoft Office 2021, Windows 11 Home",512.0,1.0
Lenovo V 14 (2025) Intel Core i3 13th Gen 1315U - (16 GB/512 GB SSD/Windows 11 Pro) V 14 Thin and Ligh...,Lenovo,35990.0,3.6,13.0,0.0,Intel Core i3 Processor (13th Gen),16 GB DDR4 RAM,"Microsoft Office 2021, Windows 11 Pro",512.0,1.0
DELL 15 Intel Core i3 12th Gen 1215U - (8 GB/512 GB SSD/Windows 11 Home) 3520 Thin and Light Laptop,DELL,35299.0,4.2,1190.0,69.0,Intel Core i3 Processor (12th Gen),8 GB DDR4 RAM,64 bit Windows 11,512.0,1.0
HP AMD Ryzen 5 Hexa Core 7535HS - (8 GB/512 GB SSD/Windows 11 Home) 15-fc1004AU Thin and Light Laptop,HP,39990.0,3.9,87.0,4.0,AMD Ryzen 5 Hexa Core Processor,8 GB DDR5 RAM,Windows 11,512.0,1.0
Lenovo LOQ Intel Core i5 12th Gen 12450HX - (16 GB/512 GB SSD/Windows 11 Home/6 GB Graphics/NVIDIA GeF...,Lenovo,72990.0,4.3,1396.0,92.0,Intel Core i5 Processor (12th Gen),16 GB DDR5 RAM,Windows 11,512.0,1.0
"ASUS Vivobook Go 15, 12th Gen, Equivalent to Intel 12th Gen, Intel Core i3 N305 - (8 GB/512 GB SSD/Win...",ASUS,30499.0,4.3,339.0,29.0,Intel Core i3 Processor,8 GB DDR4 RAM,Windows 11,512.0,1.0
Lenovo Yoga Slim 6 WUXGA OLED Intel Core i5 13th Gen 13500H - (16 GB/512 GB SSD/Windows 11 Home) 14IRH...,Lenovo,69990.0,4.4,523.0,54.0,Intel Core i5 Processor (13th Gen),16 GB LPDDR5X RAM,Windows 11,512.0,1.0
ASUS TUF Gaming A15 AMD Ryzen 7 Octa Core 7435HS - (16 GB/512 GB SSD/Windows 11 Home/4 GB Graphics/NVI...,ASUS,55990.0,4.3,1806.0,129.0,AMD Ryzen 7 Octa Core Processor,16 GB DDR5 RAM,Windows 11 Home,512.0,1.0
Lenovo V 15 (2025) Intel Core i3 12th Gen 1215U - (16 GB/512 GB SSD/Windows 11 Pro) V 15 Thin and Ligh...,Lenovo,35990.0,3.9,88.0,4.0,Intel Core i3 Processor (12th Gen),16 GB DDR4 RAM,"Microsoft Office 2021, Windows 11 Pro",512.0,1.0
"ASUS Vivobook 15 (2025) with Touchscreen & Backlit Keyboard, Intel Core i3 13th Gen 1315U - (8 GB/512 ...",ASUS,38990.0,3.9,41.0,4.0,Intel Core i3 Processor (13th Gen),8 GB DDR4 RAM,Windows 11 Home,512.0,1.0
HP OMEN Intel Core i7 14th Gen 14650HX - (16 GB/1 TB SSD/Windows 11 Home/8 GB Graphics/NVIDIA GeForce ...,HP,113990.0,4.1,325.0,22.0,Intel Core i7 Processor (14th Gen),16 GB DDR5 RAM,Windows 11,1.0,1.0
Acer Aspire 7 Intel Core 5 210H - (16 GB/512 GB SSD/Windows 11 Home/6 GB Graphics/NVIDIA GeForce RTX 4...,Acer,69990.0,4.4,16.0,1.0,Intel Core 5 Processor,16 GB DDR4 RAM,64 bit Windows 11 Home,512.0,1.0
HP 15s AMD Athlon Dual Core 3050U - (8 GB/512 GB SSD/Windows 11 Home) 15s-ey1509AU Thin and Light Lapt...,HP,30990.0,4.1,4004.0,295.0,AMD Athlon Dual Core Processor,8 GB DDR4 RAM,Windows 11,512.0,1.0
ASUS Chromebook CX15 Intel Celeron Dual Core N4500 - (4 GB/64 GB EMMC Storage/Chrome OS) CX1505CKA-S70...,ASUS,14999.0,3.9,7.0,3.0,Intel Celeron Dual Core Processor,4 GB LPDDR4X RAM,Chrome,512.0,1.0
HP (2024) Intel Core i3 12th Gen 1215U - (8 GB/512 GB SSD/Windows 11 Home) 15-fd0061TU Thin and Light ...,HP,37999.0,4.0,215.0,13.0,Intel Core i3 Processor (12th Gen),8 GB DDR4 RAM,64 bit Windows 11,512.0,1.0
Lenovo V15 AMD Ryzen 3 Quad Core 7320U - (8 GB/512 GB SSD/Windows 11 Home) V15 G4 AMN 1 Thin and Light...,Lenovo,30499.0,4.2,2248.0,191.0,AMD Ryzen 3 Quad Core Processor,8 GB LPDDR5 RAM,Windows 11,512.0,1.0
ASUS TUF Gaming A15 (2025) AMD Ryzen 7 Octa Core 7435HS - (16 GB/1 TB SSD/Windows 11 Home/4 GB Graphic...,ASUS,70990.0,4.0,67.0,7.0,AMD Ryzen 7 Octa Core Processor,16 GB DDR5 RAM,Windows 11 Home,1.0,1.0
HP 15s Intel Core i5 11th Gen 1135G7 - (8 GB/512 GB SSD/Windows 10 Home) 15s-FQ2535TU Thin and Light L...,HP,48990.0,4.4,867.0,81.0,Intel Core i5 Processor (11th Gen),8 GB DDR4 RAM,64 bit Windows 10,512.0,1.0
HP 15 (2025) AMD Ryzen 3 Quad Core 7320U - (16 GB/512 GB SSD/Windows 11 Pro) 15 Thin and Light Laptop,HP,32490.0,3.5,26.0,1.0,AMD Ryzen 3 Quad Core Processor,16 GB LPDDR5 RAM,"Microsoft Office 2021, Windows 11 Pro",512.0,1.0
ASUS Vivobook 15 Intel Core 5 120U - (16 GB/512 GB SSD/Windows 11 Home) X1504VAP-NJ541WS Thin and Ligh...,ASUS,49990.0,3.9,32.0,1.0,Intel Core 5 Processor,16 GB DDR4 RAM,Windows 11,512.0,1.0
Lenovo LOQ Intel Core i5 12th Gen 12450HX - (12 GB/512 GB SSD/Windows 11 Home/4 GB Graphics/NVIDIA GeF...,Lenovo,57500.0,4.3,1965.0,140.0,Intel Core i5 Processor (12th Gen),12 GB DDR5 RAM,Windows 11,512.0,1.0
Avita SATUS S111 Intel Celeron Dual Core N4020 - (4 GB/128 GB SSD/Windows 11 Home) NU14A1INC43PN-CG La...,Avita,14989.0,3.6,1442.0,171.0,Intel Celeron Dual Core Processor,4 GB DDR4 RAM,64 bit Windows 11 Home,128.0,1.0
"ASUS Vivobook 14 (2025) with Office 2024 + M365 Basic*, AI PC, Backlit Keyboard, Intel Core Ultra 5 22...",ASUS,68990.0,4.4,154.0,14.0,Intel Core Ultra 5 Processor,16 GB DDR5 RAM,Windows 11 Home,512.0,1.0
DELL Inspiron 15 MSO'24 with Backlit KB Intel Core i5 13th Gen 1334U - (16 GB/1 TB SSD/Windows 11 Home...,DELL,55990.0,4.2,358.0,16.0,Intel Core i5 Processor (13th Gen),16 GB DDR4 RAM,64 bit Windows 11,1.0,1.0
HP 255 G10 AMD Ryzen 5 Quad Core 7520U - (8 GB/512 GB SSD/Windows 11 Home) 255 G10 Thin and Light Lapt...,HP,33790.0,4.2,40.0,4.0,AMD Ryzen 5 Quad Core Processor,8 GB DDR4 RAM,Windows 11,512.0,1.0
"DELL Inspiron 15 with Backlit Keyboard, Intel Core i3 12th Gen 1215U - (8 GB/512 GB SSD/Windows 11 Hom...",DELL,40800.0,4.1,213.0,14.0,Intel Core i3 Processor (12th Gen),8 GB DDR4 RAM,64 bit Windows 11,512.0,1.0
HP Victus Intel Core i5 14th Gen 14450HX - (24 GB/512 GB SSD/Windows 11 Home/6 GB Graphics/NVIDIA GeFo...,HP,86990.0,4.3,286.0,17.0,Intel Core i5 Processor (14th Gen),24 GB DDR5 RAM,Windows 11 Home,512.0,1.0
HP Laptop Intel Core i5 12th Gen 1235U - (8 GB/512 GB SSD/Windows 11 Home) 15s-fq5329TU Thin and Light...,HP,48500.0,4.2,455.0,21.0,Intel Core i5 Processor (12th Gen),8 GB DDR4 RAM,64 bit Windows 11,512.0,1.0
"ASUS Gaming V16 (2025) for Creator with Office 2024 + M365 Basic*,AI PC((i5 14th gen) Intel Core 5 210...",ASUS,80431.0,4.2,350.0,25.0,Intel Core 5 Processor,16 GB DDR5 RAM,Windows 11 Home,512.0,1.0
HP Professional Intel Core i5 13th Gen 1334U Turbo Boost - (16 GB/512 GB SSD/Windows 11 Pro) 250 G10 T...,HP,51499.0,3.9,58.0,0.0,Intel Core i5 Processor (13th Gen),16 GB DDR4 RAM,"Windows 11 Pro, Microsoft Office 2021 Pro",512.0,1.0
ASUS VivoBook 14 Intel Core i3 11th Gen 1115G4 - (8 GB/256 GB SSD/Windows 11 Home) X415EA-EK342WS Thin...,ASUS,35699.0,4.3,640.0,58.0,Intel Core i3 Processor (11th Gen),8 GB DDR4 RAM,64 bit Windows 11,256.0,1.0
HP 245 G10 Backlit + FingerPrint (2025) AMD Ryzen 3 Quad Core 7330U - (16 GB/512 GB SSD/Windows 11 Hom...,HP,34990.0,4.2,281.5,24.0,AMD Ryzen 3 Quad Core Processor,16 GB DDR4 RAM,"Microsoft Office 2021, Windows 11 Home",512.0,1.0
HP Professional Intel Core i5 13th Gen 1334U Turbo Boost Finger Print - (8 GB/512 GB SSD/Windows 11 Pr...,HP,50490.0,3.6,5.0,1.0,Intel Core i5 Processor (13th Gen),8 GB DDR4 RAM,"Windows 11 Pro, Microsoft Office 2021 Pro",512.0,1.0
ASUS ExpertBook B14 Intel Core i3 12th Gen 1215U - (8 GB/512 GB SSD/Windows 11 Home) B1402CBA-NK1494WS...,ASUS,36099.0,4.3,484.0,47.0,Intel Core i3 Processor (12th Gen),8 GB DDR4 RAM,Windows 11,512.0,1.0
HP 15s Intel Core i3 11th Gen 1115G4 - (8 GB/512 GB SSD/Windows 11 Home) 15s-fr2511TU Thin and Light L...,HP,37789.0,4.3,6374.0,471.0,Intel Core i3 Processor (11th Gen),8 GB DDR4 RAM,64 bit Windows 11,512.0,1.0
Samsung Galaxy Book5 360 Next Gen AI PC Full Metal Chasis Intel Core Ultra 5 226V - (16 GB/512 GB SSD/...,Samsung,99999.0,4.6,49.0,5.0,Intel Core Ultra 5 Processor,16 GB LPDDR5X RAM,Windows 11,512.0,1.0
ASUS Chromebook CX15 Intel Celeron Dual Core N4500 - (8 GB/128 GB EMMC Storage/Chrome OS) CX1505CKA-S7...,ASUS,21799.0,4.1,48.0,5.0,Intel Celeron Dual Core Processor,8 GB LPDDR4X RAM,Chrome,512.0,1.0
Lenovo LOQ AMD Ryzen 5 Quad Core 7235HS - (24 GB/512 GB SSD/Windows 11 Home/6 GB Graphics/NVIDIA GeFor...,Lenovo,68290.0,4.4,888.0,65.0,AMD Ryzen 5 Quad Core Processor,24 GB DDR5 RAM,Windows 11,512.0,1.0
Acer Aspire 7 Intel Core i7 13th Gen 13620H - (16 GB/512 GB SSD/Windows 11 Home/6 GB Graphics/NVIDIA G...,Acer,69990.0,4.3,275.0,23.0,Intel Core i7 Processor (13th Gen),16 GB DDR4 RAM,64 bit Windows 11 Home,512.0,1.0
DELL 15 Intel Core i7 13th Gen 1355U - (16 GB/512 GB SSD/Windows 11 Home) 3530 Thin and Light Laptop,DELL,65999.0,4.2,206.0,13.0,Intel Core i7 Processor (13th Gen),16 GB DDR4 RAM,64 bit Windows 11,512.0,1.0
HP Chromebook Intel Celeron Dual Core N4500 - (4 GB/64 GB EMMC Storage/Chrome OS) 14a- na1004TU Chrome...,HP,23990.0,3.8,1555.0,139.0,Intel Celeron Dual Core Processor,4 GB LPDDR4 RAM,Chrome,512.0,1.0
HP Intel Core i5 12th Gen 1235U - (16 GB/512 GB SSD/Windows 11 Home) 15-fd0111TU Thin and Light Laptop,HP,53990.0,4.2,455.0,21.0,Intel Core i5 Processor (12th Gen),16 GB DDR4 RAM,Windows 11,512.0,1.0
DELL Inspiron 15 3520 Intel Core i5 12th Gen Core i5 - (8 GB/512 GB SSD/Windows 11 Home) D560885WIN9S ...,DELL,52680.0,3.8,37.0,4.0,Intel Core i5 Processor (12th Gen),8 GB DDR4 RAM,64 bit Windows 11,512.0,1.0
Lenovo IdeaPad Slim 3 AMD Ryzen 5 Quad Core 7520U - (8 GB/512 GB SSD/Windows 11 Home) 14AMN8 Thin and ...,Lenovo,40490.0,4.0,254.0,18.0,AMD Ryzen 5 Quad Core Processor,8 GB LPDDR5 RAM,Windows 11,512.0,1.0
HP Chromebook MediaTek MT8183 - (4 GB/32 GB EMMC Storage/Chrome OS) 11MK G9 EE Chromebook,HP,14789.0,3.7,7495.0,609.0,MediaTek MT8183 Processor,4 GB LPDDR4X RAM,Chrome,512.0,1.0
Lenovo LOQ AMD Ryzen 5 Quad Core 7235HS - (12 GB/512 GB SSD/Windows 11 Home/6 GB Graphics/NVIDIA GeFor...,Lenovo,65290.0,4.4,779.0,73.0,AMD Ryzen 5 Quad Core Processor,12 GB DDR5 RAM,Windows 11,512.0,1.0
MSI Modern 14 C13M Intel Core i3 13th Gen 1315U - (8 GB/512 GB SSD/Windows 11 Home) Modern 14 C13M-115...,MSI,33990.0,4.1,65.0,9.0,Intel Core i3 Processor (13th Gen),8 GB DDR4 RAM,64 bit Windows 11,512.0,1.0
HP Victus Intel Core i5 12th Gen 12450H - (8 GB/512 GB SSD/Windows 11 Home/4 GB Graphics/NVIDIA GeForc...,HP,54899.0,4.3,3104.0,161.0,Intel Core i5 Processor (12th Gen),8 GB DDR4 RAM,Windows 11,512.0,1.0
ASUS Chromebook Intel Celeron Dual Core N4500 - (4 GB/64 GB EMMC Storage/Chrome OS) CX1500CKA-NJ0393 C...,ASUS,13999.0,3.8,2996.0,259.0,Intel Celeron Dual Core Processor,4 GB LPDDR4X RAM,Chrome,512.0,1.0
MOTOROLA Motobook 60 Full Metal OLED (i7 14th Gen) Intel Core 7 (Series 2) 240H - (16 GB/512 GB SSD/Wi...,MOTOROLA,64990.0,4.4,570.0,69.0,Intel Core 7 (Series 2) Processor,16 GB DDR5 RAM,64 bit Windows 11,512.0,1.0
HP 15s Backlit Keyboard AMD Ryzen 3 Quad Core 7320U - (8 GB/512 GB SSD/Windows 11 Home) 15-fc0026AU Th...,HP,32900.0,4.2,974.0,77.0,AMD Ryzen 3 Quad Core Processor,8 GB LPDDR5 RAM,64 bit Windows 11,512.0,1.0
HP 15 Intel Celeron Dual Core 12th Gen -N4500 - (8 GB/256 GB SSD/Windows 11 Pro) 250 G9 Thin and Light...,HP,26000.0,4.0,275.0,22.0,Intel Celeron Dual Core Processor (12th Gen),8 GB DDR4 RAM,64 bit Windows 11,256.0,1.0
ASUS Vivobook Go 15 AMD Ryzen 5 Quad Core 7520U - (8 GB/512 GB SSD/Windows 11 Home) E1504FA-NJ133WS | ...,ASUS,36990.0,4.2,911.0,47.0,AMD Ryzen 5 Quad Core Processor,8 GB LPDDR5 RAM,Windows 11 Home,512.0,1.0
Lenovo IdeaPad Slim 5 Intel Core i5 12th Gen 12450H - (16 GB/512 GB SSD/Windows 11 Home) 14IAH8 Thin a...,Lenovo,55899.0,4.2,710.0,60.0,Intel Core i5 Processor (12th Gen),16 GB LPDDR5 RAM,Windows 11,512.0,1.0
HP Victus AMD Ryzen 5 Hexa Core 5600H - (8 GB/512 GB SSD/Windows 11 Home/4 GB Graphics/AMD Radeon RX 6...,HP,51990.0,3.9,7.0,0.0,AMD Ryzen 5 Hexa Core Processor,8 GB DDR4 RAM,Windows 11 and Microsoft Office Home & Student Edition 2021,512.0,1.0
HP Intel Core i3 11th Gen 1125G4 - (8 GB/512 GB SSD/Windows 11 Home) 15s-fq2627TU Thin and Light Lapto...,HP,37890.0,4.2,648.0,60.0,Intel Core i3 Processor (11th Gen),8 GB DDR4 RAM,64 bit Windows 11,512.0,1.0
Acer Acer Aspire Lite AL15-53 Intel Core i3 13th Gen 1305U - (8 GB/512 GB SSD/Windows 11 Home) AL15-53...,Acer,32990.0,4.2,251.0,16.0,Intel Core i3 Processor (13th Gen),8 GB DDR4 RAM,Windows 11 Home,512.0,1.0
DELL 16 Intel Core i5 13th Gen 1334U - (16 GB/512 GB SSD/Windows 11 Home) 5640 Laptop,DELL,63990.0,4.5,8.0,1.0,Intel Core i5 Processor (13th Gen),16 GB DDR5 RAM,Windows 11,512.0,1.0
Lenovo IdeaPad Slim 3 AMD Ryzen 3 Quad Core 7320U Office Home 2024 AMD Ryzen 3 Quad Core 7320U - (8 GB...,Lenovo,29990.0,4.3,22.0,3.0,AMD Ryzen 3 Quad Core Processor,8 GB LPDDR5 RAM,Windows 11 Home,512.0,1.0
HP Professional Intel Core i5 13th Gen -1334U Turbo Boost with Finger Print - (16 GB/1 TB SSD/Windows ...,HP,57899.0,3.8,51.0,1.0,Intel Core i5 Processor (13th Gen),16 GB DDR4 RAM,", HP Support Assistant, HP PC Hardware Diagnostics",1.0,1.0
ASUS TUF Gaming A15 AMD Ryzen 7 Hexa Core 7435HS - (16 GB/512 GB SSD/Windows 11 Home/4 GB Graphics/NVI...,ASUS,65999.0,4.4,2760.0,146.0,AMD Ryzen 7 Hexa Core Processor,16 GB DDR5 RAM,Windows 11 Home,512.0,1.0
DELL Vostro Intel Core i3 11th Gen 1115G4 - (4 GB/1 TB HDD/256 GB SSD/Windows 10 Home) Vostro 3400 Thi...,DELL,43999.0,4.0,276.0,18.0,Intel Core i3 Processor (11th Gen),4 GB DDR4 RAM,64 bit Windows 10,1.0,1.0
Acer Swift Neo OLED AI PC Intel Core Ultra 5 115U - (16 GB/512 GB SSD/Windows 11 Home) SFN14-54H Thin ...,Acer,60100.0,4.1,1610.0,146.0,Intel Core Ultra 5 Processor,16 GB LPDDR5 RAM,64 bit Windows 11 Home,512.0,1.0
Apple MacBook Pro M5 - (16 GB/1 TB SSD/macOS Tahoe) MDE14HN/A,Apple,169900.0,4.2,281.5,24.0,Apple M5 Processor,16 GB Unified Memory RAM,Mac OS,1.0,1.0
HP (2024) Laptop with Backlit Keyboard Intel Core i5 12th Gen 1235U - (8 GB/512 GB SSD/Windows 11 Home...,HP,45900.0,4.1,16.0,2.0,Intel Core i5 Processor (12th Gen),8 GB DDR4 RAM,64 bit Windows 11,512.0,1.0
ASUS Vivobook Pro 15 OLED For Creator AMD Ryzen 7 Octa Core 5800HS - (16 GB/512 GB SSD/Windows 11 Home...,ASUS,67699.0,4.3,737.0,66.0,AMD Ryzen 7 Octa Core Processor,16 GB DDR4 RAM,Windows 11,512.0,1.0
"ASUS Vivobook S16 (2025) with Office 2024 + M365 Basic*, Metal Body*, Intel Core Ultra 7 255H - (16 GB...",ASUS,98990.0,5.0,3.0,1.0,Intel Core Ultra 7 Processor,16 GB DDR5 RAM,Windows 11 Home,512.0,1.0
HP 255 G9 AMD Athlon Dual Core AMD Athlon Silver-3050U - (4 GB/256 GB SSD/DOS) 255 G9 Thin and Light L...,HP,27990.0,4.0,1774.0,130.0,AMD Athlon Dual Core Processor,4 GB DDR4 RAM,DOS,256.0,1.0
ASUS Vivobook 16 (2025) with Office 2024 + M365 Basic* Intel Core i9 13th Gen 13900H - (16 GB/512 GB S...,ASUS,66999.0,3.9,7.0,1.0,Intel Core i9 Processor (13th Gen),16 GB DDR4 RAM,Windows 11 Home,512.0,1.0
HP 255 G10 Backlit + FingerPrint (2025) AMD Ryzen 5 Quad Core 7520U - (16 GB/512 GB SSD/Windows 11 Hom...,HP,41990.0,4.2,281.5,24.0,AMD Ryzen 5 Quad Core Processor,16 GB LPDDR5 RAM,"Microsoft Office 2021, Windows 11 Home",512.0,1.0
ASUS Chromebook Intel Celeron Dual Core N4500 - (4 GB/64 GB EMMC Storage/Chrome OS) CX1400CKA-NK0453 C...,ASUS,18870.0,3.8,3402.0,293.0,Intel Celeron Dual Core Processor,4 GB LPDDR4X RAM,Chrome,512.0,1.0
Lenovo V 15 (2025) Intel Core i3 12th Gen 1215U - (8 GB/512 GB SSD/Windows 11 Pro) V 15 Thin and Light...,Lenovo,34190.0,4.2,10.0,0.0,Intel Core i3 Processor (12th Gen),8 GB DDR4 RAM,"Microsoft Office 2021, Windows 11 Pro",512.0,1.0
ASUS Vivobook Go 14 AMD Ryzen 3 Quad Core 7320U - (8 GB/512 GB SSD/Windows 11 Home) E1404FA-NK327WS Th...,ASUS,30990.0,4.3,1617.0,151.0,AMD Ryzen 3 Quad Core Processor,8 GB LPDDR5 RAM,Windows 11,512.0,1.0
Lenovo LOQ AMD Ryzen 7 Octa Core 7435HS - (24 GB/512 GB SSD/Windows 11 Home/6 GB Graphics/NVIDIA GeFor...,Lenovo,104990.0,4.5,656.0,48.0,AMD Ryzen 7 Octa Core Processor,24 GB DDR5 RAM,Windows 11,512.0,1.0
ASUS ROG Strix G15 AMD Ryzen 7 Octa Core AMD R7-4800H - (16 GB/1 TB SSD/Windows 11 Home/4 GB Graphics/...,ASUS,110599.0,4.4,420.0,39.0,AMD Ryzen 7 Octa Core Processor,16 GB DDR4 RAM,Windows 11,1.0,1.0
Lenovo IdeaPad Slim 3 Intel Core i3 13th Gen 1305U - (8 GB/512 GB SSD/Windows 11 Home) 14IRU8 Thin and...,Lenovo,41460.0,4.0,115.0,9.0,Intel Core i3 Processor (13th Gen),8 GB LPDDR5 RAM,Windows 11,512.0,1.0
ASUS Vivobook Go 14 AMD Ryzen 3 Quad Core 7320U - (8 GB/512 GB SSD/Windows 11 Home) E1404FA-NK325WS Th...,ASUS,32100.0,4.2,171.0,12.0,AMD Ryzen 3 Quad Core Processor,8 GB LPDDR5 RAM,Windows 11,512.0,1.0
HP 14 (2025) AMD Ryzen 5 Quad Core 7520U - (8 GB/512 GB SSD/Windows 11 Pro) 14 Thin and Light Laptop,HP,31990.0,3.8,9.0,1.0,AMD Ryzen 5 Quad Core Processor,8 GB DDR4 RAM,"Microsoft Office 2021, Windows 11 Pro",512.0,1.0
MSI Intel Core i7 12th Gen 1255U - (16 GB/1 TB SSD/Windows 11 Home) Modern 15 B12MO-1050IN Business La...,MSI,53990.0,4.0,5.0,1.0,Intel Core i7 Processor (12th Gen),16 GB DDR4 RAM,Windows 11,1.0,1.0
DELL Latitude 3440 (2024) Intel Core i3 12th Gen 1215U - (8 GB/512 GB SSD/Windows 11 Pro) Latitude 344...,DELL,33590.0,4.2,195.0,8.0,Intel Core i3 Processor (12th Gen),8 GB DDR4 RAM,Windows 11,512.0,1.0
Lenovo IdeaPad 3 Intel Core i3 12th Gen 1215U - (16 GB/512 GB SSD/Windows 11 Home) 14IAU7 Thin and Lig...,Lenovo,39490.0,4.2,414.0,21.0,Intel Core i3 Processor (12th Gen),16 GB DDR4 RAM,Windows 11,512.0,1.0
HP Pavilion Intel Core i5 12th Gen 1235U - (16 GB/512 GB SSD/Windows 11 Home) 14-dv2014TU Thin and Lig...,HP,64199.0,4.3,2449.0,174.0,Intel Core i5 Processor (12th Gen),16 GB DDR4 RAM,64 bit Windows 11,512.0,1.0
Lenovo IdeaPad Slim 3 Intel Core i3 12th Gen 1215U - (8 GB/512 GB SSD/Windows 11 Home) 15IAU7 Thin and...,Lenovo,34990.0,4.2,1935.0,102.0,Intel Core i3 Processor (12th Gen),8 GB DDR4 RAM,Windows 11,512.0,1.0
Acer TravelMate P2 Intel Core i7 11th Gen 1165G7 - (16 GB/1 TB SSD/Windows 11 Home) TMP214-53 Thin and...,Acer,44451.0,3.8,293.0,40.0,Intel Core i7 Processor (11th Gen),16 GB DDR4 RAM,Windows 11,1.0,1.0
Lenovo IdeaPad Slim 3i Intel Core i5 13th Gen 13420H - (8 GB/512 GB SSD/Windows 11 Home) 83K100CAIN Th...,Lenovo,51900.0,4.2,281.5,24.0,Intel Core i5 Processor (13th Gen),8 GB DDR5 RAM,Windows 11 Home,512.0,1.0
"ASUS Vivobook S16 OLED (2025) with Backlit Keyboard, Metal Body*, Qualcomm Snapdragon X - (16 GB/512 G...",ASUS,71990.0,4.4,690.0,51.0,Qualcomm Snapdragon X Processor,16 GB LPDDR5X RAM,Windows 11 Home,512.0,1.0
HP 15R (2025) Intel Core i3 13th Gen 1315U - (8 GB/512 GB SSD/Windows 11 Home) 15R G9 Thin and Light L...,HP,34590.0,4.4,14.0,2.0,Intel Core i3 Processor (13th Gen),8 GB DDR4 RAM,"Microsoft Office Pro Plus 2021, Windows 11 Home",512.0,1.0
ASUS Vivobook 14 (2025) with Office 2024 + M365 Basic* Intel Core i3 13th Gen 1315U - (8 GB/512 GB SSD...,ASUS,36345.0,3.9,378.0,39.0,Intel Core i3 Processor (13th Gen),8 GB DDR4 RAM,Windows 11 Home,512.0,1.0
DELL Latitude 3440 (2024) Intel Core i3 12th Gen 1215U - (16 GB/512 GB SSD/Windows 11 Pro) Latitude 34...,DELL,45800.0,4.1,109.0,6.0,Intel Core i3 Processor (12th Gen),16 GB DDR4 RAM,"Microsoft Office Pro Plus 2021, Windows 11 Pro",512.0,1.0
HP MSO 2024 AMD Ryzen 5 Hexa Core 7430U - (16 GB/512 GB SSD/Windows 11 Home) 15-fc0389AU Thin and Ligh...,HP,44910.0,4.0,43.0,2.0,AMD Ryzen 5 Hexa Core Processor,16 GB DDR4 RAM,Windows 11 Home,512.0,1.0
HP Intel Intel Core i5 12th Gen 1235U - (16 GB/512 GB SSD/Windows 11 Home) 14s - dy5005TU Thin and Lig...,HP,50890.0,4.2,2245.0,169.0,Intel Core i5 Processor (12th Gen),16 GB DDR4 RAM,64 bit Windows 11,512.0,1.0
Samsung Galaxy Book4 Intel Core 5 120U - (16 GB/512 GB SSD/Windows 11 Pro) NP750XGK-KS2IN / NP750XGK-L...,Samsung,51151.0,4.4,386.0,32.0,Intel Core 5 Processor,16 GB LPDDR4X RAM,Windows 11,512.0,1.0
HP Touch Chromebook MediaTek MT8183 - (4 GB/32 GB EMMC Storage/Chrome OS) 11MK G9 Chromebook,HP,12890.0,3.4,1153.0,86.0,MediaTek MT8183 Processor,4 GB LPDDR4X RAM,Chrome,512.0,1.0
Lenovo Chromebook Intel Pentium Quad Core N100 - (4 GB/128 GB EMMC Storage/Chrome OS) 14IAN8 Chromeboo...,Lenovo,19999.0,4.0,34.0,5.0,Intel Pentium Quad Core Processor,4 GB LPDDR5 RAM,Chrome,512.0,1.0
ASUS VivoBook 14 AMD Ryzen 7 Quad Core AMD R7-3700U - (16 GB/512 GB SSD/Windows 11 Home) M415DA-EB512W...,ASUS,62199.0,4.1,1440.0,126.0,AMD Ryzen 7 Quad Core Processor,16 GB DDR4 RAM,64 bit Windows 11,512.0,1.0
ASUS TUF Gaming F17 - AI Powered Gaming Intel Core i5 11th Gen 11400H - (8 GB/512 GB SSD/Windows 11 Ho...,ASUS,59989.0,4.3,1153.0,124.0,Intel Core i5 Processor (11th Gen),8 GB DDR4 RAM,Windows 11,512.0,1.0
Ultimus Intel Celeron Dual Core N4020 - (4 GB/128 GB EMMC Storage/Windows 11 Home) NU14U3INC43BN-CS Th...,Ultimus,11990.0,3.3,2164.0,299.0,Intel Celeron Dual Core Processor,4 GB DDR4 RAM,Windows 11,512.0,1.0
DELL 15 Intel Core i5 12th Gen 1235U - (16 GB/512 GB SSD/Windows 11 Home) 3520 Thin and Light Laptop,DELL,50990.0,4.2,659.0,31.0,Intel Core i5 Processor (12th Gen),16 GB DDR4 RAM,Windows 11,512.0,1.0
HP G10 AMD Ryzen 3 Quad Core 7320U - (16 GB/512 GB SSD/Windows 11 Home) 255 G10 Thin and Light Laptop,HP,31490.0,3.9,280.0,17.0,AMD Ryzen 3 Quad Core Processor,16 GB DDR4 RAM,Windows 11,512.0,1.0
Acer Nitro V Intel Core i5 13th Gen 13420H - (16 GB/1 TB SSD/Windows 11 Home/6 GB Graphics/NVIDIA GeFo...,Acer,89999.0,4.3,390.0,28.0,Intel Core i5 Processor (13th Gen),16 GB DDR5 RAM,Windows 11,1.0,1.0
HP Pavilion Intel Core i5 12th Gen 1235U - (16 GB/1 TB SSD/Windows 11 Home) 14-dv2153TU Thin and Light...,HP,68450.0,4.3,8122.0,371.0,Intel Core i5 Processor (12th Gen),16 GB DDR4 RAM,Windows 11,1.0,1.0
Thomson NEO Core Series Intel Core i3 12th Gen 1215U - (8 GB/512 GB SSD/Windows 11 Home) IN-N15I Thin ...,Thomson,28999.0,3.6,155.0,35.0,Intel Core i3 Processor (12th Gen),8 GB LPDDR4 RAM,Windows 11,512.0,1.0
Samsung Galaxy Book4 Intel Core 7 150U - (16 GB/512 GB SSD/Windows 11 Home) NP750XGK-KS3IN / NP750XGK-...,Samsung,66999.0,4.6,79.0,6.0,Intel Core 7 Processor,16 GB LPDDR4X RAM,Windows 11,512.0,1.0
ASUS Vivobook Go 14 AMD Ryzen 5 Quad Core 7520U - (16 GB/512 GB SSD/Windows 11 Home) E1404FA-NK541WS T...,ASUS,41899.0,4.2,124.0,6.0,AMD Ryzen 5 Quad Core Processor,16 GB LPDDR5 RAM,Windows 11,512.0,1.0
ASUS Vivobook Go 14 AMD Ryzen 3 Quad Core 7320U - (8 GB/512 GB SSD/Windows 11 Home) E1404FA-NK321WS Th...,ASUS,32190.0,4.2,171.0,12.0,AMD Ryzen 3 Quad Core Processor,8 GB LPDDR5 RAM,64 bit Windows 11,512.0,1.0
DELL Latitude 3540 Intel Core i3 12th Gen - (8 GB/512 GB SSD/Ubuntu) Latitude 3540 Laptop,DELL,34990.0,4.1,114.0,8.0,Intel Core i3 Processor (12th Gen),8 GB DDR4 RAM,Linux/Ubuntu,512.0,1.0
ASUS Vivobook 14 Intel Core i5 13th Gen 1335U - (16 GB/512 GB SSD/Windows 11 Home) X1404VA-NK541WS Thi...,ASUS,46218.0,3.7,23.0,2.0,Intel Core i5 Processor (13th Gen),16 GB DDR4 RAM,Windows 11,512.0,1.0
Lenovo LOQ Intel Core i7 13th Gen 13650HX - (24 GB/512 GB SSD/Windows 11 Home/8 GB Graphics/NVIDIA GeF...,Lenovo,132990.0,4.3,346.0,29.0,Intel Core i7 Processor (13th Gen),24 GB DDR5 RAM,Windows 11,512.0,1.0
HP 255 G9 840T7PA AMD Athlon Dual Core 3050U - (4 GB/256 GB SSD/DOS) 255 G8 Thin and Light Laptop,HP,27990.0,4.0,1774.0,130.0,AMD Athlon Dual Core Processor,4 GB DDR4 RAM,DOS,256.0,1.0
Lenovo IdeaPad Slim 3 Intel Core i5 12th Gen 12450H - (16 GB/512 GB SSD/Windows 11 Home) 15IAH8 Thin a...,Lenovo,47490.0,4.6,7.0,0.0,Intel Core i5 Processor (12th Gen),16 GB LPDDR5 RAM,Windows 11 Home,512.0,1.0
ASUS Vivobook 16 (2025) with Office 2024 + M365 Basic* Intel Core i9 13th Gen 13900H - (16 GB/512 GB S...,ASUS,70134.0,3.5,6.0,0.0,Intel Core i9 Processor (13th Gen),16 GB DDR4 RAM,Windows 11 Home,512.0,1.0
MSI AMD Ryzen 5 Hexa Core 7430U - (16 GB/512 GB SSD/Windows 11 Home) 14 C7M-283IN / 14 C7M-400IN Busin...,MSI,39990.0,4.3,194.0,14.0,AMD Ryzen 5 Hexa Core Processor,16 GB DDR4 RAM,Windows 11,512.0,1.0
ASUS Vivobook 16X (2025) with Office 2024 + M365 Basic* Intel Core i5 13th Gen 13420H - (16 GB/512 GB ...,ASUS,70990.0,4.2,1292.0,78.0,Intel Core i5 Processor (13th Gen),16 GB DDR4 RAM,Windows 11 Home,512.0,1.0
DELL Intel Celeron Dual Core - (4 GB/256 GB SSD/4 GB EMMC Storage/Windows 10) 5470 ULTRA SLIM Thin and...,DELL,29990.0,3.9,107.0,10.0,Intel Celeron Dual Core Processor,4 GB DDR4 RAM,Windows 10,256.0,1.0
"ASUS Vivobook 16X for Creator, Intel Core i5 12th Gen 12500H - (16 GB/512 GB SSD/Windows 11 Home/4 GB ...",ASUS,59989.0,4.1,616.0,42.0,Intel Core i5 Processor (12th Gen),16 GB DDR4 RAM,Windows 11,512.0,1.0
ASUS Chromebook Intel Celeron Dual Core N4020 - (4 GB/64 GB EMMC Storage/Chrome OS) CX1101CMA_ID-GJ000...,ASUS,16800.0,3.6,1072.0,101.0,Intel Celeron Dual Core Processor,4 GB LPDDR4 RAM,64 bit Chrome,512.0,1.0
HP OMEN AMD Ryzen 7 Octa Core 7840HS - (16 GB/1 TB SSD/Windows 11 Home/8 GB Graphics/NVIDIA GeForce RT...,HP,109990.0,3.7,3.0,0.0,AMD Ryzen 7 Octa Core Processor,16 GB DDR5 RAM,Windows 11,1.0,1.0
"ASUS Gaming V16 (2025) for Creator with Office 2024 + M365 Basic*, AI PC(i7 14th gen) Intel Core 7 240...",ASUS,106699.0,4.1,13.0,0.0,Intel Core 7 Processor,16 GB DDR5 RAM,Windows 11 Home,512.0,1.0
HP 255 G10 (2024) AMD Ryzen 3 Quad Core 7320U - (8 GB/512 GB SSD/Windows 11 Home) 250 G10 Thin and Lig...,HP,29500.0,4.0,624.0,54.0,AMD Ryzen 3 Quad Core Processor,8 GB DDR4 RAM,Windows 11,512.0,1.0
HP G10 AMD Ryzen 5 Quad Core 7520U - (8 GB/512 GB SSD/Windows 11 Pro) 245 G10 Thin and Light Laptop,HP,38990.0,4.1,278.0,16.0,AMD Ryzen 5 Quad Core Processor,8 GB DDR4 RAM,32 bit Windows 11,512.0,1.0
Samsung Galaxy Book5 Pro AI PC Full Metal Chasis Intel Core Ultra 7 256V - (16 GB/512 GB SSD/Windows 1...,Samsung,175188.0,4.8,6.0,1.0,Intel Core Ultra 7 Processor,16 GB LPDDR5X RAM,Windows 11,512.0,1.0
HP Victus Intel Core i7 13th Gen 13700H - (16 GB/512 GB SSD/Windows 11 Home/6 GB Graphics/NVIDIA GeFor...,HP,111299.0,4.5,106.0,12.0,Intel Core i7 Processor (13th Gen),16 GB DDR4 RAM,64 bit Windows 11,512.0,1.0
Lenovo Intel Core i5 12th Gen 12450H - (16 GB/1 TB SSD/Windows 11 Home) 83BF0043IN Thin and Light Lapt...,Lenovo,59490.0,4.0,4.0,0.0,Intel Core i5 Processor (12th Gen),16 GB LPDDR5 RAM,Windows 11,1.0,1.0
Lenovo IdeaPad 3 Intel Core i3 12th Gen 1215U - (16 GB/512 GB SSD/Windows 11 Home) 14IAU7 Thin and Lig...,Lenovo,37895.0,4.2,1935.0,102.0,Intel Core i3 Processor (12th Gen),16 GB DDR4 RAM,Windows 11,512.0,1.0
HP 15s Intel Core i5 13th Gen 1335U - (8 GB/512 GB SSD/Windows 11 Home) 15-fd0011TU Thin and Light Lap...,HP,53880.0,4.1,462.0,35.0,Intel Core i5 Processor (13th Gen),8 GB DDR4 RAM,64 bit Windows 11,512.0,1.0
Lenovo V 14 (2025) Intel Core i5 12th Gen 1235U - (16 GB/512 GB SSD/Windows 11 Home) V 14 Thin and Lig...,Lenovo,48900.0,4.1,227.0,19.0,Intel Core i5 Processor (12th Gen),16 GB DDR4 RAM,"Microsoft Office 2021, Windows 11 Home",512.0,1.0
MSI Modern 14 Intel Core i5 12th Gen 1235U - (16 GB/512 GB SSD/Windows 11 Home) Modern 14 C12MO-1212IN...,MSI,42990.0,4.4,353.0,35.0,Intel Core i5 Processor (12th Gen),16 GB DDR4 RAM,Windows 11,512.0,1.0
Lenovo IdeaPad 1 Intel Celeron Dual Core N4020 - (8 GB/512 GB SSD/Windows 11 Home) 14IGL7 Thin and Lig...,Lenovo,28990.0,4.1,469.0,24.0,Intel Celeron Dual Core Processor,8 GB DDR4 RAM,Windows 11,512.0,1.0
Acer Predator Helios Neo 16S AI Intel Core Ultra 7 255 HX - (16 GB/1 TB SSD/Windows 11 Home/8 GB Graph...,Acer,159999.0,4.7,90.0,9.0,Intel Core Ultra 7 Processor,16 GB DDR5 RAM,64 bit Windows 11 Home,1.0,1.0
Apple MacBook Pro M3 Max - (48 GB/1 TB SSD/macOS Sonoma) MUW63HN/A,Apple,373399.0,4.0,4.0,1.0,Apple M3 Max Processor,48 GB Unified Memory RAM,Mac OS,1.0,1.0
DELL Vostro 3530 Intel Core i5 1334U - (16 GB/512 GB SSD/Windows 11 Home) Vostro 3530 Thin and Light L...,DELL,49490.0,4.5,8.0,0.0,Intel Core i5 Processor,16 GB DDR4 RAM,Windows 11,512.0,1.0
HP 245 G10 Backlit + FingerPrint (2025) AMD Ryzen 3 Quad Core 7330U - (8 GB/512 GB SSD/Windows 11 Home...,HP,33990.0,4.2,281.5,24.0,AMD Ryzen 3 Quad Core Processor,8 GB DDR4 RAM,"Microsoft Office 2021, Windows 11 Home",512.0,1.0
Acer Intel Core i3 11th Gen - (8 GB/512 GB SSD/Windows 11 Home) Aspire Lite AL15-51 Thin and Light Lap...,Acer,31890.0,4.2,211.0,23.0,Intel Core i3 Processor (11th Gen),8 GB DDR4 RAM,Windows 11,512.0,1.0
"ASUS Vivobook Go 15 (2025) with Office 2024 + M365 Basic*, AMD Ryzen 5 Quad Core 7520U - (8 GB/512 GB ...",ASUS,36990.0,4.2,281.5,24.0,AMD Ryzen 5 Quad Core Processor,8 GB LPDDR5 RAM,Windows 11 Home,512.0,1.0
HP 15s Intel Core i5 12th Gen - (8 GB/512 GB SSD/Windows 11 Home) 15S-FQ5202TU Thin and Light Laptop,HP,48000.0,4.1,98.0,8.0,Intel Core i5 Processor (12th Gen),8 GB DDR4 RAM,Windows 11,512.0,1.0
MSI Modern 14 Intel Core i5 13th Gen 1334U - (16 GB/512 GB SSD/Windows 11 Home) Modern 14 C13M-116IN T...,MSI,44990.0,4.1,137.0,11.0,Intel Core i5 Processor (13th Gen),16 GB DDR4 RAM,64 bit Windows 11,512.0,1.0
Samsung Galaxy Book4 Pro Evo AI PC Intel Core Ultra 5 125H - (16 GB/512 GB SSD/Windows 11 Home) NP960X...,Samsung,119032.0,4.4,70.0,5.0,Intel Core Ultra 5 Processor,16 GB LPDDR5X RAM,64 bit Windows 11,512.0,1.0
ASUS Vivobook Go 15 AMD Ryzen 5 Quad Core 7520U - (16 GB/512 GB SSD/Windows 11 Home) E1504FA-NJ5542WS ...,ASUS,40990.0,4.2,911.0,47.0,AMD Ryzen 5 Quad Core Processor,16 GB LPDDR5 RAM,Windows 11 Home,512.0,1.0
Samsung Galaxy Book3 360 EVO AMOLED Intel Core i7 13th Gen 1355U - (16 GB/1 TB SSD/Windows 11 Home) NP...,Samsung,130099.0,4.3,19.0,3.0,Intel Core i7 Processor (13th Gen),16 GB DDR4X RAM,Windows 11,1.0,1.0
HP 15 G10 (2025) AMD Ryzen 3 Quad Core 7320U - (8 GB/512 GB SSD/Windows 11 Home) 15 G10 Thin and Light...,HP,29990.0,3.9,280.0,17.0,AMD Ryzen 3 Quad Core Processor,8 GB DDR4 RAM,"Microsoft Office 2021, Windows 11 Home",512.0,1.0
HP 14s AMD Ryzen 5 Hexa Core 5500U - (8 GB/512 GB SSD/Windows 10 Home) 14s-fq1030AU Thin and Light Lap...,HP,35991.0,4.3,798.0,69.0,AMD Ryzen 5 Hexa Core Processor,8 GB DDR4 RAM,64 bit Windows 10,512.0,1.0
HP Intel Core i3 12th Gen - (8 GB/512 GB SSD/Windows 11 Home) 15s-fq5186TU Thin and Light Laptop,HP,37999.0,4.2,281.5,24.0,Intel Core i3 Processor (12th Gen),8 GB DDR4 RAM,Windows 11 Home,512.0,1.0
HP Intel Core i5 13th Gen 1334U - (16 GB/512 GB SSD/Windows 11 Home) 15-hr0008TU Thin and Light Laptop,HP,53990.0,4.5,6.0,0.0,Intel Core i5 Processor (13th Gen),16 GB DDR4 RAM,Windows 11 Home,512.0,1.0
HP FQ Series Intel Core i3 12th Gen 1215U - (8 GB/1 TB SSD/Windows 11 Home) 15s-FQ5328TU Thin and Ligh...,HP,39999.0,4.0,215.0,13.0,Intel Core i3 Processor (12th Gen),8 GB DDR4 RAM,64 bit Windows 11,1.0,1.0
DELL Inspiron MSO 2024 Intel Core i5 13th Gen 1334U - (16 GB/512 GB SSD/Windows 11 Home) Inspiron 3530...,DELL,57990.0,4.2,358.0,16.0,Intel Core i5 Processor (13th Gen),16 GB DDR4 RAM,64 bit Windows 11,512.0,1.0
ASUS Intel Core i9 13th Gen 13900H - (16 GB/512 GB SSD/Windows 11 Home) X1605VA-MB947WS Thin and Light...,ASUS,80999.0,4.2,281.5,24.0,Intel Core i9 Processor (13th Gen),16 GB DDR4 RAM,Windows 11 Home,512.0,1.0
Lenovo V15 Intel Core i3 12th Gen 1215U - (8 GB/512 GB SSD/Windows 11 Home) V15 G3 IAP Thin and Light ...,Lenovo,34350.0,4.1,610.0,30.0,Intel Core i3 Processor (12th Gen),8 GB DDR4 RAM,Windows 11,512.0,1.0
HP Intel Core i5 13th Gen 1334U - (16 GB/1 TB SSD/Windows 11 Home) 15-fd0552TU Thin and Light Laptop,HP,59990.0,3.7,70.0,2.0,Intel Core i5 Processor (13th Gen),16 GB DDR4 RAM,Windows 11 Home,1.0,1.0
Infinix X1 Slim Series Intel Core i3 10th Gen 1005G1 - (8 GB/256 GB SSD/Windows 11 Home) XL21 Thin and...,Infinix,35399.0,4.2,3951.0,460.0,Intel Core i3 Processor (10th Gen),8 GB LPDDR4X RAM,64 bit Windows 11,256.0,1.0
HP 14 (2025) Intel Core i3 13th Gen 1315U - (16 GB/512 GB SSD/Windows 11 Pro) 14 Thin and Light Laptop,HP,38990.0,4.0,35.0,3.0,Intel Core i3 Processor (13th Gen),16 GB DDR4 RAM,"Microsoft Office 2021, Windows 11 Pro",512.0,1.0
Lenovo Intel Intel Core i3 12th Gen 1215U - (8 GB/512 GB SSD/DOS) V15 G3 IAP Thin and Light Laptop,Lenovo,32790.0,4.0,101.0,6.0,Intel Core i3 Processor (12th Gen),8 GB DDR4 RAM,DOS,512.0,1.0
ASUS Vivobook Go 14 (2025) with Office 2024 + M365 Basic* AMD Ryzen 5 Quad Core 7520U - (8 GB/512 GB S...,ASUS,36990.0,4.2,57.0,2.0,AMD Ryzen 5 Quad Core Processor,8 GB LPDDR5 RAM,Windows 11 Home,512.0,1.0
ASUS Vivobook Go 14 AMD Ryzen 3 Quad Core 7320U - (8 GB/512 GB SSD/Windows 11 Home) E1404FA-NK322WS Th...,ASUS,32990.0,4.5,135.0,9.0,AMD Ryzen 3 Quad Core Processor,8 GB LPDDR5 RAM,Windows 11,512.0,1.0
DELL Inspiron 3530 Intel Core i7 13th Gen 1355U� - (16 GB/512 GB SSD/Windows 11 Home) Inspiron 3530 Th...,DELL,67490.0,4.2,206.0,13.0,Intel Core i7 Processor (13th Gen),16 GB DDR4 RAM,Windows 11 Home,512.0,1.0
MSI Prestige Intel Core Ultra 7 258V - (32 GB/1 TB SSD/Windows 11 Home) A2VMG-023IN Thin and Light Lap...,MSI,132990.0,4.2,281.5,24.0,Intel Core Ultra 7 Processor,32 GB LPDDR5X RAM,64 bit Windows 11,1.0,2.0
Apple MacBook Air M4 - (16 GB/256 GB SSD/macOS Sequoia) MC6T4HN/A,Apple,91990.0,4.7,1899.0,135.0,Apple M4 Processor,16 GB Unified Memory RAM,Mac OS,256.0,1.0
Lenovo IdeaPad 1 Intel Celeron Dual Core N4020 - (8 GB/512 GB SSD/Windows 11 Home) 14IGL7/ 15IGL7 Thin...,Lenovo,27990.0,3.9,494.0,38.0,Intel Celeron Dual Core Processor,8 GB DDR4 RAM,Windows 11,512.0,1.0
DELL Inspiron Intel Core i3 11th Gen 1115G4 - (8 GB/256 GB SSD/Windows 11 Home) Inspiron 3511 Thin and...,DELL,38490.0,4.2,491.0,36.0,Intel Core i3 Processor (11th Gen),8 GB DDR4 RAM,64 bit Windows 11,256.0,1.0
